,table id,Experience (YY.MM),Age in YY.,Stay/Left,New Location,New Promotion,New Job Role Match,Agency,Direct,Employee Referral,Marr.,Single,other status,B1,B2,B3,other group,< =1,> 1 & < =3,Operation,Sales,Support,Female,Male,other
1,2,13.0,38.08,Stay,6,1,0,0,1,0,1,0,0,0,0,0,1,1,0,0,0,1,0,1,0
2,3,16.05,36.04,Stay,5,1,1,0,1,0,1,0,0,0,0,1,0,1,0,1,0,0,0,1,0
3,4,6.06,32.07,Stay,6,1,1,0,1,0,1,0,0,0,1,0,0,1,0,1,0,0,0,1,0
4,5,7.0,32.05,Stay,1,0,1,0,1,0,1,0,0,0,1,0,0,1,0,1,0,0,0,1,0
5,6,9.01,39.09,Stay,5,1,0,0,1,0,1,0,0,0,0,1,0,1,0,1,0,0,0,1,0
6,7,5.02,28.02,Stay,3,1,0,1,0,0,0,1,0,0,1,0,0,1,0,1,0,0,1,0,0
7,8,5.11,30.11,Leave,5,1,0,1,0,0,1,0,0,0,1,0,0,1,0,1,0,0,0,1,0
8,9,6.04,33.05,Leave,5,1,0,1,0,0,1,0,0,0,1,0,0,1,0,1,0,0,0,1,0
9,10,10.01,41.06,Stay,7,1,1,0,1,0,0,0,1,0,1,0,0,1,0,1,0,0,0,1,0
10,11,0.1,27.1,Leave,6,0,0,0,1,0,0,1,0,1,0,0,0,1,0,1,0,0,0,1,0
11,12,9.08,34.09,Stay,6,1,0,0,1,0,1,0,0,0,1,0,0,1,0,1,0,0,0,1,0
12,13,6.03,30.01,Leave,4,1,0,0,1,0,0,1,0,0,1,0,0,1,0,1,0,0,0,1,0
13,14,6.09,32.07,Leave,0,0,0,0,1,0,1,0,0,0,1,0,0,1,0,1,0,0,0,0,1
14,15,11.02,39.07,Stay,2,1,0,0,1,0,1,0,0,0,0,1,0,1,0,1,0,0,0,1,0
15,16,5.02,26.07,Stay,7,1,1,0,1,0,1,0,0,0,1,0,0,1,0,1,0,0,1,0,0
16,17,5.02,27.1,Leave,0,1,0,0,1,0,1,0,0,0,1,0,0,1,0,1,0,0,0,1,0
17,18,5.02,36.03,Leave,1,1,0,0,1,0,1,0,0,1,0,0,0,1,0,1,0,0,0,1,0
18,19,4.09,31.09,Leave,6,1,0,0,1,0,0,1,0,0,1,0,0,1,0,1,0,0,0,1,0
19,20,5.1,27.08,Stay,5,1,1,1,0,0,0,1,0,0,1,0,0,1,0,1,0,0,0,1,0
20,21,4.03,27.07,Leave,4,1,0,0,1,0,0,1,0,1,0,0,0,1,0,1,0,0,0,1,0
21,22,0.03,21.05,Stay,5,0,1,0,1,0,0,1,0,1,0,0,0,1,0,1,0,0,1,0,0
22,23,1.1,24.1,Stay,0,0,1,0,1,0,0,1,0,1,0,0,0,1,0,1,0,0,1,0,0
23,24,3.03,28.08,Stay,4,1,1,0,1,0,0,1,0,1,0,0,0,1,0,1,0,0,0,1,0
24,25,11.02,39.06,Stay,4,0,1,0,1,0,1,0,0,0,0,1,0,1,0,1,0,0,0,1,0
25,26,4.04,29.02,Leave,4,1,0,0,1,0,0,1,0,1,0,0,0,1,0,1,0,0,0,1,0
26,27,8.04,30.07,Stay,5,1,0,0,1,0,0,1,0,0,1,0,0,1,0,1,0,0,1,0,0
27,28,8.03,35.07,Stay,5,1,0,0,1,0,1,0,0,0,1,0,0,1,0,1,0,0,0,1,0
29,30,5.03,27.03,Leave,7,1,0,0,1,0,0,1,0,1,0,0,0,1,0,1,0,0,0,1,0
30,31,1.0,23.03,Leave,7,1,0,0,1,0,0,1,0,1,0,0,0,1,0,1,0,0,1,0,0
31,32,3.11,26.05,Stay,7,1,0,0,1,0,1,0,0,1,0,0,0,1,0,1,0,0,1,0,0
32,33,6.1,32.04,Stay,7,0,0,1,0,0,1,0,0,0,1,0,0,1,0,1,0,0,1,0,0
33,34,4.03,28.12,Leave,4,1,0,0,1,0,0,1,0,1,0,0,0,1,0,1,0,0,1,0,0
34,35,7.04,32.02,Stay,6,0,0,1,0,0,1,0,0,0,1,0,0,1,0,1,0,0,0,1,0
35,36,9.07,36.04,Leave,6,1,0,0,1,0,1,0,0,0,0,1,0,1,0,1,0,0,0,1,0
36,37,6.1,32.04,Leave,6,0,1,0,1,0,0,1,0,0,1,0,0,1,0,1,0,0,0,1,0
37,38,2.04,26.07,Leave,5,0,1,0,1,0,0,1,0,1,0,0,0,1,0,1,0,0,1,0,0
38,39,9.04,38.07,Stay,4,1,1,1,0,0,1,0,0,0,1,0,0,1,0,1,0,0,0,1,0
39,40,2.03,30.06,Stay,4,1,0,1,0,0,1,0,0,1,0,0,0,1,0,1,0,0,0,1,0
40,41,15.04,43.0,Stay,5,1,1,0,1,0,1,0,0,0,0,1,0,1,0,1,0,0,0,1,0
41,42,0.04,25.06,Stay,5,0,1,0,1,0,0,1,0,1,0,0,0,1,0,1,0,0,0,1,0
42,43,1.08,26.07,Leave,5,1,0,0,1,0,0,1,0,1,0,0,0,1,0,1,0,0,0,1,0
43,44,5.04,27.05,Leave,7,1,0,0,1,0,0,1,0,0,1,0,0,1,0,1,0,0,0,1,0
44,45,3.04,26.03,Leave,7,0,0,0,1,0,0,1,0,1,0,0,0,1,0,1,0,0,0,1,0
45,46,10.04,37.0,Stay,6,0,0,0,0,1,1,0,0,0,1,0,0,1,0,1,0,0,0,1,0
46,47,3.07,33.1,Stay,5,1,0,0,1,0,1,0,0,1,0,0,0,1,0,1,0,0,1,0,0
47,48,0.1,23.06,Leave,6,0,0,0,1,0,0,1,0,1,0,0,0,1,0,1,0,0,0,1,0
48,49,12.05,39.08,Leave,7,0,0,0,1,0,0,1,0,0,1,0,0,1,0,1,0,0,0,1,0
49,50,2.01,26.02,Stay,0,1,1,0,1,0,0,1,0,1,0,0,0,1,0,0,0,1,1,0,0
50,51,1.01,24.02,Stay,5,0,1,0,1,0,0,1,0,1,0,0,0,1,0,1,0,0,1,0,0
51,52,1.06,25.04,Stay,6,0,1,1,0,0,0,1,0,1,0,0,0,1,0,1,0,0,0,1,0
52,53,1.02,23.08,Stay,6,0,1,1,0,0,0,1,0,1,0,0,0,1,0,1,0,0,0,1,0
53,54,0.04,22.03,Stay,5,0,1,0,1,0,0,1,0,1,0,0,0,1,0,1,0,0,1,0,0
54,55,6.05,36.07,Stay,6,1,1,0,1,0,1,0,0,0,0,1,0,1,0,1,0,0,0,1,0
55,56,2.11,25.01,Stay,7,0,1,0,1,0,0,1,0,1,0,0,0,1,0,1,0,0,0,1,0
56,57,12.05,37.07,Stay,6,1,0,1,0,0,1,0,0,0,0,1,0,1,0,1,0,0,0,1,0
57,58,3.05,24.04,Leave,7,0,0,0,1,0,0,1,0,1,0,0,0,1,0,1,0,0,0,1,0
58,59,4.09,30.04,Stay,7,1,0,0,1,0,1,0,0,1,0,0,0,1,0,1,0,0,0,1,0
59,60,12.05,40.07,Stay,2,0,0,0,1,0,1,0,0,0,1,0,0,1,0,1,0,0,0,1,0
60,61,4.06,27.07,Leave,3,1,0,0,1,0,0,1,0,1,0,0,0,1,0,1,0,0,1,0,0
61,62,1.03,23.11,Leave,5,1,0,0,1,0,0,1,0,1,0,0,0,1,0,1,0,0,0,1,0
62,63,8.06,31.02,Stay,3,1,0,0,1,0,1,0,0,0,1,0,0,1,0,1,0,0,1,0,0
63,64,6.06,30.03,Stay,6,0,1,0,1,0,0,1,0,0,0,1,0,1,0,1,0,0,0,1,0
64,65,3.04,28.06,Stay,3,0,1,0,1,0,0,1,0,1,0,0,0,1,0,1,0,0,1,0,0
65,66,1.07,24.03,Leave,6,1,0,0,1,0,0,1,0,1,0,0,0,1,0,1,0,0,0,1,0
66,67,17.06,41.04,Stay,7,1,0,0,1,0,1,0,0,0,0,1,0,1,0,1,0,0,0,1,0
67,68,6.06,29.05,Stay,5,1,1,1,0,0,0,1,0,0,1,0,0,1,0,1,0,0,0,0,1
68,69,3.1,25.04,Stay,7,1,1,0,1,0,0,1,0,1,0,0,0,1,0,1,0,0,1,0,0
69,70,1.05,23.1,Stay,7,1,1,0,1,0,0,1,0,1,0,0,0,1,0,1,0,0,1,0,0
70,71,5.0,28.01,Leave,3,1,0,0,1,0,1,0,0,0,1,0,0,1,0,1,0,0,0,1,0
71,72,6.03,28.08,Stay,7,0,1,0,1,0,1,0,0,0,1,0,0,1,0,1,0,0,1,0,0
72,73,2.11,27.06,Leave,0,1,0,0,1,0,0,1,0,1,0,0,0,1,0,0,0,1,0,1,0
73,74,8.06,33.03,Stay,4,0,1,1,0,0,1,0,0,0,0,1,0,1,0,1,0,0,0,1,0
74,75,6.1,29.1,Stay,5,1,0,1,0,0,0,1,0,0,1,0,0,1,0,1,0,0,0,1,0
75,76,5.11,27.02,Leave,6,1,0,1,0,0,0,1,0,0,1,0,0,1,0,1,0,0,1,0,0
76,77,15.06,36.02,Stay,5,1,0,0,1,0,1,0,0,0,0,0,1,1,0,0,1,0,0,1,0
77,78,5.03,26.07,Leave,3,0,1,0,1,0,0,1,0,0,1,0,0,1,0,1,0,0,0,1,0
78,79,10.06,33.0,Stay,5,0,1,0,1,0,1,0,0,1,0,0,0,1,0,1,0,0,1,0,0
79,80,6.07,28.06,Stay,3,0,1,0,1,0,0,1,0,1,0,0,0,1,0,1,0,0,0,1,0
80,81,8.06,31.05,Stay,3,1,0,1,0,0,1,0,0,0,1,0,0,1,0,1,0,0,0,1,0
81,82,4.11,25.02,Leave,3,1,0,1,0,0,0,1,0,0,1,0,0,1,0,1,0,0,1,0,0
82,83,3.06,27.06,Stay,3,0,1,1,0,0,0,1,0,1,0,0,0,1,0,1,0,0,0,1,0
83,84,0.09,27.1,Stay,0,0,1,0,1,0,0,1,0,1,0,0,0,1,0,1,0,0,1,0,0
84,85,12.07,35.12,Stay,6,1,0,0,1,0,1,0,0,0,0,1,0,1,0,0,1,0,0,1,0
86,87,7.06,34.07,Stay,5,1,1,0,1,0,1,0,0,0,1,0,0,1,0,1,0,0,0,1,0
87,88,2.07,27.09,Stay,5,0,1,0,1,0,0,1,0,1,0,0,0,1,0,1,0,0,0,1,0
88,89,13.1,36.07,Stay,5,0,1,0,1,0,1,0,0,0,0,1,0,1,0,1,0,0,1,0,0
89,90,1.09,24.08,Stay,5,0,1,0,1,0,0,1,0,1,0,0,0,1,0,1,0,0,1,0,0
90,91,8.01,36.1,Leave,6,1,0,0,1,0,1,0,0,0,1,0,0,1,0,1,0,0,0,1,0
91,92,0.07,26.07,Leave,7,0,0,0,1,0,0,1,0,0,0,1,0,1,0,0,1,0,0,1,0
92,93,5.07,29.1,Stay,6,1,0,1,0,0,1,0,0,0,1,0,0,1,0,1,0,0,1,0,0
93,94,12.07,38.09,Stay,5,0,0,1,0,0,1,0,0,0,0,1,0,1,0,1,0,0,1,0,0
94,95,10.07,41.0,Stay,5,1,1,0,1,0,0,0,1,0,1,0,0,1,0,1,0,0,0,0,1
95,96,5.01,25.09,Leave,6,1,0,0,1,0,0,1,0,0,1,0,0,1,0,1,0,0,0,1,0
96,97,9.07,37.1,Leave,6,1,0,1,0,0,1,0,0,0,1,0,0,1,0,0,0,1,0,1,0
97,98,3.07,25.07,Leave,3,1,0,1,0,0,0,1,0,1,0,0,0,1,0,1,0,0,0,1,0
98,99,5.01,28.06,Stay,6,0,1,0,0,1,0,1,0,0,1,0,0,1,0,1,0,0,0,1,0
99,100,2.06,24.1,Leave,5,1,0,0,1,0,0,1,0,1,0,0,0,1,0,1,0,0,0,1,0
100,101,7.07,33.08,Stay,7,1,1,0,1,0,1,0,0,0,1,0,0,1,0,1,0,0,0,1,0
101,102,3.02,27.07,Stay,7,1,1,0,1,0,0,1,0,1,0,0,0,1,0,1,0,0,0,1,0
102,103,9.08,36.06,Stay,4,1,0,0,1,0,1,0,0,0,1,0,0,1,0,1,0,0,0,1,0
103,104,9.11,35.08,Stay,6,1,0,0,1,0,1,0,0,0,0,1,0,1,0,1,0,0,0,1,0
104,105,6.08,28.02,Leave,5,1,0,0,1,0,0,1,0,0,1,0,0,1,0,1,0,0,0,1,0
105,106,7.08,30.04,Leave,6,1,0,1,0,0,0,1,0,0,1,0,0,1,0,1,0,0,0,1,0
106,107,4.1,29.05,Leave,5,1,0,0,1,0,0,1,0,0,1,0,0,1,0,1,0,0,0,1,0
107,108,4.01,27.07,Leave,5,0,0,0,1,0,0,1,0,1,0,0,0,1,0,1,0,0,1,0,0
108,109,3.1,27.06,Leave,5,1,0,1,0,0,0,1,0,1,0,0,0,1,0,1,0,0,0,1,0
109,110,0.08,22.07,Stay,7,0,1,0,1,0,0,1,0,1,0,0,0,1,0,1,0,0,1,0,0
110,111,1.05,25.04,Stay,6,1,1,0,1,0,0,1,0,1,0,0,0,1,0,1,0,0,1,0,0
111,112,2.02,25.06,Stay,5,0,1,0,1,0,1,0,0,1,0,0,0,1,0,1,0,0,1,0,0
112,113,4.08,27.1,Leave,6,1,0,0,1,0,0,1,0,1,0,0,0,1,0,1,0,0,0,1,0
113,114,9.01,33.08,Leave,5,1,0,0,1,0,0,1,0,0,1,0,0,1,0,1,0,0,0,1,0
114,115,4.01,25.06,Leave,5,1,0,0,1,0,0,1,0,1,0,0,0,1,0,1,0,0,0,1,0
115,116,6.1,33.02,Stay,5,1,0,1,0,0,1,0,0,0,1,0,0,1,0,1,0,0,0,1,0
116,117,3.01,31.01,Stay,7,1,1,0,1,0,1,0,0,1,0,0,0,1,0,1,0,0,1,0,0
117,118,3.08,26.01,Leave,3,1,0,0,1,0,0,1,0,1,0,0,0,1,0,1,0,0,1,0,0
118,119,6.08,27.04,Leave,3,1,0,0,1,0,0,1,0,0,1,0,0,1,0,1,0,0,0,1,0
119,120,1.09,24.04,Stay,5,1,1,0,0,1,0,1,0,1,0,0,0,1,0,1,0,0,0,1,0
120,121,4.08,30.07,Leave,7,0,0,0,1,0,0,1,0,1,0,0,0,1,0,1,0,0,0,1,0
121,122,15.03,50.07,Stay,7,1,0,0,0,1,1,0,0,0,0,1,0,1,0,1,0,0,0,1,0
122,123,5.05,29.09,Leave,5,1,0,0,1,0,0,1,0,1,0,0,0,1,0,1,0,0,1,0,0
123,124,9.09,34.04,Stay,6,1,1,0,0,1,1,0,0,0,0,1,0,1,0,1,0,0,0,1,0
124,125,25.08,40.04,Stay,6,0,0,1,0,0,1,0,0,0,0,0,1,1,0,1,0,0,0,1,0
125,126,4.1,28.09,Leave,5,1,0,0,1,0,0,1,0,1,0,0,0,1,0,1,0,0,1,0,0
126,127,11.04,25.04,Stay,6,0,1,0,1,0,0,1,0,0,1,0,0,1,0,1,0,0,0,1,0
127,128,6.09,30.01,Stay,7,1,0,0,1,0,1,0,0,0,1,0,0,1,0,1,0,0,0,1,0
128,129,5.05,29.02,Stay,7,1,1,0,0,1,1,0,0,0,1,0,0,1,0,1,0,0,0,1,0
129,130,10.09,36.0,Stay,7,0,1,0,1,0,1,0,0,0,1,0,0,1,0,1,0,0,0,1,0
130,131,3.02,27.03,Stay,6,0,1,0,1,0,0,1,0,1,0,0,0,1,0,1,0,0,0,1,0
132,133,1.08,30.06,Stay,7,0,1,0,1,0,1,0,0,1,0,0,0,1,0,1,0,0,0,1,0
133,134,0.08,24.02,Leave,0,0,0,0,1,0,0,1,0,1,0,0,0,1,0,1,0,0,0,1,0
134,135,0.09,30.01,Stay,0,0,0,0,1,0,1,0,0,1,0,0,0,1,0,1,0,0,1,0,0
135,136,5.02,28.02,Leave,5,0,0,0,1,0,0,1,0,1,0,0,0,1,0,1,0,0,0,0,1
136,137,5.01,28.07,Leave,4,0,0,0,1,0,0,1,0,1,0,0,0,1,0,1,0,0,0,1,0
137,138,8.09,32.09,Stay,6,0,1,0,1,0,1,0,0,0,1,0,0,1,0,1,0,0,0,1,0
138,139,12.09,35.12,Stay,7,0,1,0,1,0,1,0,0,0,0,1,0,1,0,1,0,0,0,1,0
139,140,10.09,37.07,Stay,7,0,0,0,1,0,1,0,0,0,1,0,0,1,0,1,0,0,0,1,0
140,141,10.09,33.07,Leave,2,0,0,0,1,0,1,0,0,0,1,0,0,1,0,1,0,0,0,1,0
141,142,4.03,30.11,Stay,5,0,1,0,1,0,0,1,0,0,1,0,0,1,0,1,0,0,0,1,0
142,143,4.03,27.07,Stay,7,0,1,0,1,0,0,1,0,1,0,0,0,1,0,1,0,0,0,1,0
143,144,5.09,35.06,Leave,4,0,0,1,0,0,0,1,0,1,0,0,0,1,0,1,0,0,0,1,0
144,145,4.08,30.09,Leave,3,1,0,1,0,0,0,1,0,1,0,0,0,1,0,1,0,0,0,1,0
145,146,1.09,28.11,Leave,6,0,0,0,1,0,1,0,0,1,0,0,0,1,0,0,0,1,0,1,0
146,147,2.11,30.1,Leave,5,0,0,0,1,0,0,1,0,0,1,0,0,0,1,1,0,0,0,1,0
147,148,6.01,30.08,Stay,7,0,1,0,1,0,1,0,0,0,1,0,0,1,0,1,0,0,1,0,0
148,149,9.02,32.03,Stay,7,0,0,0,1,0,1,0,0,0,1,0,0,1,0,1,0,0,0,1,0
149,150,5.05,26.06,Leave,5,1,0,0,1,0,0,1,0,1,0,0,0,1,0,1,0,0,0,1,0
150,151,8.11,38.06,Stay,7,0,1,0,1,0,1,0,0,0,1,0,0,1,0,1,0,0,0,1,0
151,152,11.03,36.11,Stay,6,1,0,1,0,0,1,0,0,0,0,1,0,1,0,1,0,0,0,1,0
152,153,11.03,35.04,Stay,2,0,1,0,1,0,1,0,0,1,0,0,0,1,0,1,0,0,0,1,0
153,154,3.02,24.09,Stay,5,0,1,0,1,0,0,1,0,1,0,0,0,1,0,1,0,0,1,0,0
154,155,3.11,37.07,Leave,0,0,0,0,1,0,1,0,0,1,0,0,0,1,0,1,0,0,0,1,0
155,156,2.1,25.11,Leave,6,0,0,0,1,0,0,1,0,1,0,0,0,1,0,1,0,0,0,1,0
156,157,2.0,24.02,Stay,5,1,1,1,0,0,0,1,0,1,0,0,0,1,0,1,0,0,1,0,0
157,158,11.0,39.11,Stay,7,0,1,1,0,0,1,0,0,0,1,0,0,1,0,1,0,0,0,1,0
158,159,6.09,28.05,Stay,4,1,0,1,0,0,1,0,0,0,1,0,0,1,0,1,0,0,1,0,0
159,160,4.04,26.12,Stay,3,1,1,0,1,0,1,0,0,1,0,0,0,1,0,1,0,0,0,1,0
160,161,8.01,35.09,Stay,3,0,1,1,0,0,0,1,0,0,1,0,0,1,0,1,0,0,0,0,1
161,162,4.1,27.11,Leave,6,1,0,0,1,0,0,1,0,1,0,0,0,1,0,1,0,0,0,1,0
162,163,0.11,26.01,Leave,6,1,0,0,1,0,0,1,0,1,0,0,0,1,0,1,0,0,0,1,0
163,164,7.0,31.09,Stay,7,1,0,0,1,0,1,0,0,0,1,0,0,1,0,1,0,0,0,1,0
164,165,7.1,39.0,Stay,6,0,0,0,1,0,1,0,0,0,1,0,0,1,0,1,0,0,0,1,0
165,166,5.03,42.02,Stay,5,0,0,1,0,0,1,0,0,0,1,0,0,1,0,1,0,0,0,1,0
166,167,3.09,25.07,Leave,5,0,0,1,0,0,0,1,0,1,0,0,0,1,0,1,0,0,0,1,0
167,168,0.1,23.08,Stay,2,0,1,0,1,0,0,1,0,0,0,0,1,1,0,0,0,1,1,0,0
168,169,3.06,28.05,Stay,1,1,1,0,1,0,0,1,0,1,0,0,0,1,0,1,0,0,0,1,0
169,170,6.04,28.05,Stay,7,0,1,0,1,0,0,1,0,0,1,0,0,1,0,1,0,0,0,1,0
170,171,9.05,36.07,Leave,7,0,0,1,0,0,0,1,0,0,1,0,0,1,0,1,0,0,1,0,0
171,172,2.08,24.12,Leave,7,1,0,0,1,0,0,1,0,1,0,0,0,1,0,1,0,0,1,0,0
172,173,8.1,31.01,Leave,6,1,0,1,0,0,0,1,0,0,1,0,0,1,0,1,0,0,0,1,0
173,174,1.11,24.09,Leave,7,1,0,1,0,0,0,1,0,1,0,0,0,1,0,1,0,0,0,1,0
174,175,2.01,24.08,Stay,6,1,1,0,1,0,0,1,0,1,0,0,0,1,0,1,0,0,1,0,0
175,176,4.1,27.11,Stay,3,0,1,0,1,0,0,1,0,1,0,0,0,1,0,1,0,0,0,1,0
176,177,4.02,31.04,Stay,6,0,1,0,1,0,1,0,0,0,1,0,0,1,0,1,0,0,0,1,0
177,178,5.04,29.05,Leave,6,1,0,0,1,0,0,1,0,1,0,0,0,1,0,1,0,0,0,1,0
178,179,3.1,28.0,Stay,7,1,0,0,1,0,1,0,0,1,0,0,0,1,0,1,0,0,0,1,0
179,180,7.09,31.08,Leave,5,1,0,0,1,0,0,1,0,0,1,0,0,1,0,1,0,0,0,1,0
180,181,5.03,33.05,Stay,3,1,1,0,1,0,1,0,0,0,1,0,0,1,0,1,0,0,0,1,0
181,182,4.01,28.03,Stay,6,0,1,0,0,1,0,1,0,0,1,0,0,1,0,1,0,0,0,1,0
182,183,2.07,24.11,Leave,6,0,0,1,0,0,0,1,0,1,0,0,0,1,0,1,0,0,0,1,0
183,184,12.08,38.0,Stay,7,0,1,0,0,1,1,0,0,0,1,0,0,1,0,1,0,0,0,1,0
184,185,4.0,28.11,Stay,0,1,1,0,1,0,0,1,0,1,0,0,0,1,0,1,0,0,0,1,0
185,186,2.02,23.06,Leave,7,0,0,1,0,0,0,1,0,1,0,0,0,1,0,1,0,0,0,1,0
186,187,5.07,29.06,Stay,3,0,1,1,0,0,1,0,0,1,0,0,0,1,0,1,0,0,1,0,0
187,188,3.0,26.05,Leave,6,1,0,0,1,0,0,1,0,0,1,0,0,1,0,1,0,0,0,1,0
188,189,0.11,25.01,Stay,5,0,1,0,1,0,0,1,0,1,0,0,0,1,0,1,0,0,0,1,0
189,190,1.0,23.03,Stay,5,0,1,0,1,0,0,1,0,1,0,0,0,1,0,1,0,0,0,1,0
190,191,6.09,29.07,Stay,6,0,1,0,0,1,0,1,0,1,0,0,0,1,0,1,0,0,1,0,0
191,192,11.11,38.04,Stay,6,1,1,0,1,0,1,0,0,0,0,0,1,1,0,0,1,0,0,1,0
192,193,3.11,26.06,Stay,4,0,1,0,0,1,0,1,0,1,0,0,0,1,0,1,0,0,1,0,0
193,194,5.11,34.08,Leave,7,0,0,1,0,0,0,1,0,1,0,0,0,1,0,1,0,0,0,1,0
194,195,1.11,28.04,Stay,7,0,1,0,1,0,0,1,0,1,0,0,0,1,0,1,0,0,0,1,0
195,196,7.01,34.03,Stay,5,0,0,1,0,0,1,0,0,0,1,0,0,1,0,1,0,0,0,1,0
196,197,3.0,25.08,Stay,3,0,1,0,1,0,0,1,0,1,0,0,0,1,0,1,0,0,0,0,1
197,198,3.06,27.07,Leave,6,0,0,0,1,0,1,0,0,1,0,0,0,1,0,0,0,1,1,0,0
198,199,19.08,35.1,Stay,6,1,1,0,0,1,1,0,0,0,0,1,0,1,0,1,0,0,0,1,0
199,200,11.08,34.0,Stay,3,0,1,0,1,0,1,0,0,0,0,1,0,1,0,1,0,0,0,1,0
200,201,7.04,30.02,Stay,6,0,1,0,1,0,1,0,0,0,1,0,0,1,0,0,0,1,1,0,0
201,202,3.11,27.01,Stay,5,1,1,0,1,0,0,1,0,1,0,0,0,1,0,1,0,0,0,1,0
202,203,4.11,28.0,Leave,5,1,0,0,1,0,0,1,0,1,0,0,0,1,0,1,0,0,0,1,0
203,204,10.11,36.1,Stay,5,1,0,1,0,0,1,0,0,0,1,0,0,1,0,1,0,0,0,1,0
204,205,3.05,26.04,Stay,7,0,1,0,1,0,0,1,0,1,0,0,0,1,0,1,0,0,0,1,0
205,206,6.08,28.07,Stay,7,0,1,0,1,0,0,1,0,0,1,0,0,1,0,1,0,0,0,1,0
206,207,5.04,30.06,Stay,7,0,0,0,1,0,1,0,0,0,1,0,0,1,0,1,0,0,0,1,0
207,208,1.0,24.04,Stay,4,0,1,0,1,0,0,0,1,1,0,0,0,1,0,1,0,0,0,1,0
208,209,5.0,27.07,Leave,5,0,0,0,1,0,0,1,0,1,0,0,0,1,0,1,0,0,0,1,0
209,210,2.06,29.1,Stay,5,0,1,0,1,0,0,1,0,0,0,0,1,0,1,1,0,0,1,0,0
210,211,2.08,28.06,Leave,4,1,0,0,1,0,0,0,1,0,1,0,0,0,1,1,0,0,0,1,0
211,212,3.07,26.09,Leave,5,0,0,0,1,0,0,1,0,1,0,0,0,1,0,1,0,0,1,0,0
212,213,4.05,27.04,Stay,5,0,1,0,1,0,0,1,0,1,0,0,0,1,0,1,0,0,1,0,0
213,214,4.08,29.04,Stay,5,0,1,0,1,0,1,0,0,1,0,0,0,1,0,1,0,0,1,0,0
214,215,3.06,26.11,Stay,7,0,1,0,1,0,1,0,0,1,0,0,0,1,0,1,0,0,1,0,0
215,216,9.02,33.09,Stay,6,0,1,0,1,0,1,0,0,0,0,1,0,1,0,1,0,0,0,1,0
216,217,4.0,25.05,Stay,3,0,1,0,1,0,0,1,0,1,0,0,0,1,0,1,0,0,0,1,0
217,218,15.11,41.02,Stay,5,0,1,0,0,1,1,0,0,0,0,0,1,1,0,1,0,0,0,1,0
218,219,3.07,24.03,Leave,6,0,0,0,1,0,0,1,0,1,0,0,0,1,0,0,0,1,0,1,0
219,220,3.01,27.11,Stay,6,1,1,0,1,0,0,1,0,1,0,0,0,1,0,0,0,1,0,1,0
220,221,6.06,38.1,Leave,5,0,0,1,0,0,0,1,0,1,0,0,0,1,0,1,0,0,0,1,0
221,222,4.11,29.12,Stay,6,0,1,1,0,0,0,1,0,1,0,0,0,1,0,1,0,0,0,1,0
222,223,7.11,30.11,Stay,7,0,0,0,1,0,1,0,0,0,1,0,0,1,0,1,0,0,0,1,0
223,224,8.0,32.12,Stay,5,0,0,0,1,0,1,0,0,0,1,0,0,1,0,1,0,0,0,1,0
224,225,2.08,26.0,Leave,6,0,0,1,0,0,0,1,0,1,0,0,0,1,0,1,0,0,0,1,0
225,226,4.03,29.02,Stay,6,0,1,0,1,0,0,1,0,1,0,0,0,1,0,1,0,0,0,1,0
226,227,10.0,37.1,Stay,7,0,1,0,1,0,1,0,0,0,1,0,0,1,0,1,0,0,1,0,0
227,228,12.0,38.06,Stay,5,0,1,0,1,0,1,0,0,0,0,1,0,1,0,1,0,0,0,1,0
228,229,5.06,35.05,Stay,5,0,1,0,1,0,1,0,0,1,0,0,0,1,0,1,0,0,1,0,0
229,230,4.08,28.02,Leave,7,0,0,0,1,0,0,1,0,1,0,0,0,1,0,1,0,0,0,1,0
230,231,15.0,38.09,Leave,3,0,1,0,1,0,1,0,0,0,0,1,0,1,0,1,0,0,0,1,0
231,232,6.01,36.06,Stay,5,0,1,0,1,0,1,0,0,0,1,0,0,1,0,1,0,0,0,1,0
232,233,3.06,29.05,Leave,5,1,0,1,0,0,0,1,0,1,0,0,0,1,0,1,0,0,0,1,0
233,234,6.02,29.05,Stay,3,0,1,0,1,0,1,0,0,0,1,0,0,1,0,1,0,0,1,0,0
234,235,6.01,30.03,Stay,5,0,1,0,1,0,1,0,0,1,0,0,0,1,0,1,0,0,1,0,0
235,236,10.0,36.12,Leave,5,0,1,0,1,0,1,0,0,1,0,0,0,1,0,1,0,0,0,1,0
236,237,9.0,28.12,Leave,5,0,1,0,1,0,0,1,0,0,1,0,0,1,0,1,0,0,0,1,0
237,238,4.0,26.07,Stay,5,0,1,0,1,0,1,0,0,0,1,0,0,1,0,1,0,0,0,1,0
238,239,5.0,33.06,Stay,7,0,1,0,1,0,1,0,0,1,0,0,0,1,0,0,0,1,1,0,0
239,240,9.01,37.07,Stay,3,1,0,1,0,0,1,0,0,0,0,1,0,1,0,1,0,0,0,1,0
240,241,2.05,27.0,Leave,6,0,0,1,0,0,0,1,0,1,0,0,0,1,0,1,0,0,1,0,0
241,242,3.08,29.01,Stay,7,0,1,0,1,0,1,0,0,1,0,0,0,1,0,1,0,0,0,1,0
242,243,5.08,32.02,Stay,4,0,1,0,1,0,1,0,0,0,1,0,0,1,0,1,0,0,0,1,0
243,244,9.0,30.07,Stay,5,0,0,0,1,0,1,0,0,0,1,0,0,1,0,1,0,0,1,0,0
244,245,1.09,23.08,Leave,7,0,0,0,1,0,0,1,0,1,0,0,0,0,1,1,0,0,1,0,0
245,246,3.07,26.09,Stay,7,0,1,0,1,0,0,1,0,1,0,0,0,1,0,1,0,0,0,1,0
246,247,1.09,26.09,Stay,6,0,1,0,1,0,0,1,0,1,0,0,0,1,0,1,0,0,0,1,0
247,248,4.0,25.01,Stay,5,0,1,0,1,0,0,1,0,0,1,0,0,1,0,1,0,0,1,0,0
248,249,9.0,31.03,Leave,5,0,0,0,1,0,1,0,0,0,1,0,0,1,0,1,0,0,0,1,0
249,250,7.05,32.02,Stay,1,0,1,0,1,0,1,0,0,0,1,0,0,1,0,1,0,0,0,1,0
250,251,3.01,26.05,Stay,2,0,1,0,1,0,1,0,0,1,0,0,0,1,0,1,0,0,1,0,0
251,252,3.04,24.01,Stay,6,0,1,0,1,0,0,1,0,1,0,0,0,1,0,1,0,0,0,1,0
252,253,7.02,32.06,Stay,2,0,1,0,1,0,1,0,0,1,0,0,0,1,0,1,0,0,0,1,0
253,254,12.02,38.11,Leave,4,0,0,1,0,0,1,0,0,0,0,1,0,1,0,1,0,0,0,1,0
254,255,7.01,30.07,Stay,4,1,1,0,1,0,1,0,0,1,0,0,0,0,1,1,0,0,0,1,0
255,256,4.02,30.01,Stay,5,1,1,0,1,0,0,1,0,1,0,0,0,1,0,1,0,0,0,1,0
256,257,6.08,29.04,Stay,5,0,1,0,1,0,0,1,0,0,1,0,0,1,0,1,0,0,0,1,0
257,258,4.01,27.03,Leave,5,1,0,0,1,0,0,1,0,1,0,0,0,0,1,1,0,0,0,1,0
258,259,6.09,30.02,Stay,5,1,1,0,1,0,0,1,0,0,1,0,0,1,0,1,0,0,0,1,0
259,260,2.1,25.11,Stay,0,0,1,0,0,1,0,1,0,1,0,0,0,1,0,1,0,0,0,1,0
260,261,6.11,29.02,Stay,7,0,1,0,1,0,1,0,0,0,1,0,0,0,1,1,0,0,0,1,0
261,262,3.11,25.06,Stay,7,1,1,0,1,0,0,1,0,1,0,0,0,1,0,1,0,0,0,1,0
262,263,5.0,27.02,Leave,4,0,0,1,0,0,0,1,0,1,0,0,0,1,0,1,0,0,0,1,0
263,264,7.11,27.11,Stay,6,1,0,0,1,0,0,1,0,0,1,0,0,0,1,1,0,0,0,1,0
264,265,4.05,30.11,Stay,7,0,1,1,0,0,1,0,0,1,0,0,0,0,1,1,0,0,1,0,0
265,266,5.0,28.04,Stay,7,0,1,0,1,0,0,1,0,0,1,0,0,1,0,1,0,0,0,1,0
266,267,3.04,26.05,Stay,6,0,1,0,1,0,0,1,0,1,0,0,0,0,1,0,0,1,0,1,0
267,268,6.05,29.09,Stay,5,0,1,0,1,0,1,0,0,0,1,0,0,0,1,1,0,0,0,1,0
268,269,12.01,34.02,Leave,4,0,0,0,1,0,1,0,0,0,0,1,0,0,1,1,0,0,0,1,0
269,270,8.06,31.03,Stay,6,0,1,0,1,0,1,0,0,0,1,0,0,0,1,1,0,0,0,1,0
270,271,1.01,29.04,Stay,0,0,1,0,1,0,1,0,0,1,0,0,0,0,1,1,0,0,1,0,0
271,272,1.08,23.12,Leave,6,1,0,0,1,0,0,1,0,1,0,0,0,0,1,1,0,0,1,0,0
272,273,1.1,24.04,Leave,7,1,0,0,1,0,0,1,0,1,0,0,0,0,1,1,0,0,0,1,0
273,274,8.03,30.02,Stay,7,1,1,0,1,0,0,1,0,0,1,0,0,0,1,1,0,0,0,1,0
274,275,5.09,27.07,Stay,7,0,1,0,1,0,0,1,0,0,1,0,0,0,1,1,0,0,1,0,0
275,276,3.03,24.1,Leave,7,1,0,1,0,0,0,1,0,1,0,0,0,0,1,1,0,0,0,1,0
276,277,2.05,25.03,Leave,7,1,0,0,1,0,0,1,0,1,0,0,0,0,1,1,0,0,0,1,0
277,278,6.04,30.08,Leave,4,0,1,1,0,0,0,1,0,1,0,0,0,0,1,1,0,0,0,1,0
278,279,6.01,29.1,Stay,5,1,1,0,1,0,1,0,0,0,1,0,0,0,1,1,0,0,1,0,0
279,280,5.06,29.01,Stay,2,1,1,0,1,0,1,0,0,1,0,0,0,0,1,1,0,0,0,1,0
280,281,4.09,30.03,Stay,6,0,1,0,1,0,1,0,0,1,0,0,0,0,1,0,0,1,1,0,0
281,282,11.01,33.08,Stay,6,1,0,0,1,0,1,0,0,0,0,1,0,0,1,1,0,0,0,1,0
282,283,3.07,25.06,Stay,0,0,1,0,1,0,0,1,0,1,0,0,0,0,1,1,0,0,0,1,0
283,284,6.02,29.04,Stay,7,0,1,0,1,0,0,1,0,0,1,0,0,0,1,1,0,0,0,1,0
284,285,1.02,23.09,Stay,7,0,1,0,1,0,0,1,0,1,0,0,0,0,1,1,0,0,1,0,0
285,286,1.02,23.1,Leave,6,0,0,0,1,0,0,1,0,1,0,0,0,0,1,1,0,0,0,1,0
286,287,6.07,32.04,Stay,1,1,0,0,0,1,1,0,0,0,1,0,0,0,1,1,0,0,0,1,0
287,288,4.02,25.11,Leave,7,1,0,1,0,0,0,1,0,0,1,0,0,0,1,1,0,0,0,1,0
288,289,2.02,24.06,Stay,7,0,1,0,1,0,0,1,0,1,0,0,0,0,1,1,0,0,1,0,0
289,290,3.09,30.06,Stay,5,0,1,0,1,0,0,1,0,1,0,0,0,0,1,1,0,0,0,1,0
290,291,3.02,26.01,Stay,4,1,1,0,1,0,0,1,0,1,0,0,0,0,1,1,0,0,1,0,0
291,292,3.09,27.07,Leave,0,1,0,0,1,0,0,1,0,1,0,0,0,0,1,1,0,0,0,1,0
292,293,1.02,24.01,Stay,6,0,1,0,1,0,0,1,0,1,0,0,0,0,1,1,0,0,0,1,0
293,294,5.07,28.04,Stay,4,1,1,0,1,0,0,1,0,1,0,0,0,0,1,1,0,0,0,1,0
294,295,11.05,32.08,Stay,5,1,0,0,1,0,1,0,0,0,1,0,0,0,1,1,0,0,1,0,0
295,296,14.02,40.06,Stay,6,1,1,0,1,0,1,0,0,0,0,0,1,0,1,0,0,1,0,1,0
296,297,1.02,24.0,Stay,1,0,1,0,1,0,0,1,0,0,0,0,1,0,1,0,0,1,0,1,0
297,298,7.02,29.02,Leave,6,1,0,0,1,0,0,1,0,0,1,0,0,0,1,1,0,0,0,1,0
298,299,2.03,24.03,Leave,7,1,0,1,0,0,0,1,0,1,0,0,0,0,1,1,0,0,0,1,0
299,300,4.06,26.12,Stay,7,1,1,0,1,0,0,1,0,1,0,0,0,0,1,1,0,0,0,1,0
300,301,5.1,30.09,Stay,5,0,1,0,1,0,1,0,0,1,0,0,0,0,1,1,0,0,0,1,0
301,302,2.09,27.05,Leave,7,0,0,0,1,0,0,1,0,1,0,0,0,0,1,1,0,0,0,1,0
302,303,6.02,29.02,Stay,6,0,1,0,1,0,0,1,0,0,1,0,0,0,1,1,0,0,0,1,0
303,304,1.07,25.03,Stay,6,0,1,0,1,0,0,1,0,1,0,0,0,0,1,0,1,0,1,0,0
304,305,4.07,26.05,Leave,6,0,0,1,0,0,0,1,0,1,0,0,0,0,1,1,0,0,0,1,0
305,306,2.08,26.05,Stay,7,1,1,0,1,0,0,1,0,1,0,0,0,0,1,1,0,0,0,1,0
306,307,6.02,27.1,Leave,6,0,1,0,1,0,1,0,0,1,0,0,0,0,1,1,0,0,0,1,0
307,308,5.02,27.04,Stay,6,0,1,0,0,1,0,1,0,0,1,0,0,0,1,1,0,0,0,1,0
308,309,3.07,28.06,Leave,6,1,0,0,1,0,0,1,0,1,0,0,0,0,1,0,0,1,0,1,0
309,310,2.03,23.09,Stay,7,0,1,0,1,0,0,1,0,1,0,0,0,0,1,1,0,0,0,1,0
310,311,1.03,24.04,Leave,6,1,0,0,1,0,0,1,0,1,0,0,0,0,1,0,0,1,1,0,0
311,312,3.0,25.1,Leave,6,1,0,1,0,0,0,1,0,1,0,0,0,0,1,1,0,0,1,0,0
312,313,4.11,28.09,Leave,6,1,0,0,1,0,0,1,0,0,1,0,0,0,1,1,0,0,0,1,0
313,314,6.05,28.1,Leave,5,0,0,0,1,0,1,0,0,0,1,0,0,0,1,1,0,0,0,1,0
314,315,2.08,24.07,Leave,7,0,0,0,1,0,0,1,0,1,0,0,0,0,1,1,0,0,0,1,0
315,316,5.03,27.12,Stay,7,1,0,0,1,0,0,1,0,1,0,0,0,0,1,1,0,0,0,1,0
316,317,4.02,27.06,Leave,6,1,0,0,0,1,1,0,0,0,1,0,0,0,1,1,0,0,0,1,0
317,318,7.07,35.05,Stay,6,0,1,1,0,0,1,0,0,0,1,0,0,0,1,1,0,0,0,1,0
318,319,12.03,35.1,Stay,6,0,1,0,1,0,1,0,0,0,0,1,0,0,1,0,0,1,0,1,0
319,320,5.11,28.1,Stay,0,0,1,0,1,0,0,1,0,1,0,0,0,0,1,1,0,0,1,0,0
320,321,1.08,43.1,Stay,4,0,1,0,1,0,1,0,0,0,1,0,0,0,1,1,0,0,0,1,0
321,322,1.08,25.07,Stay,4,0,1,0,1,0,0,1,0,1,0,0,0,0,1,1,0,0,0,1,0
322,323,1.08,26.08,Stay,4,0,1,0,1,0,0,1,0,0,1,0,0,0,1,1,0,0,0,1,0
323,324,1.08,33.03,Leave,4,0,0,0,1,0,0,1,0,0,1,0,0,0,1,1,0,0,0,1,0
324,325,1.03,24.02,Leave,1,0,0,0,1,0,0,1,0,0,0,0,1,0,1,0,0,1,1,0,0
325,326,1.03,23.0,Leave,6,0,0,0,1,0,0,1,0,1,0,0,0,0,1,1,0,0,1,0,0
326,327,4.03,29.02,Stay,7,0,1,0,1,0,1,0,0,1,0,0,0,0,1,1,0,0,0,1,0
327,328,8.03,35.07,Stay,6,0,1,0,0,1,1,0,0,0,1,0,0,0,1,1,0,0,0,1,0
328,329,6.03,34.01,Stay,5,1,0,0,1,0,0,1,0,0,1,0,0,0,1,1,0,0,0,1,0
329,330,1.09,27.11,Stay,5,0,1,0,1,0,1,0,0,1,0,0,0,0,1,1,0,0,0,1,0
330,331,11.08,34.06,Stay,3,1,1,0,1,0,1,0,0,0,1,0,0,0,1,1,0,0,0,1,0
331,332,4.03,27.04,Stay,6,0,1,0,1,0,0,1,0,1,0,0,0,0,1,1,0,0,1,0,0
332,333,1.03,24.09,Leave,6,0,0,0,1,0,0,1,0,1,0,0,0,0,1,0,0,1,0,1,0
333,334,12.03,35.08,Stay,7,1,0,0,1,0,1,0,0,0,1,0,0,0,1,1,0,0,0,1,0
334,335,8.03,30.05,Stay,5,0,1,0,1,0,1,0,0,0,1,0,0,0,1,1,0,0,0,1,0
335,336,4.03,35.08,Stay,7,1,1,0,1,0,0,1,0,1,0,0,0,0,1,1,0,0,0,1,0
336,337,4.03,25.06,Stay,7,1,0,0,1,0,1,0,0,1,0,0,0,0,1,1,0,0,1,0,0
337,338,7.06,37.06,Stay,4,1,0,0,1,0,1,0,0,0,1,0,0,0,1,1,0,0,1,0,0
338,339,14.0,38.09,Stay,5,1,0,0,1,0,1,0,0,0,0,1,0,0,1,1,0,0,1,0,0
339,340,7.05,30.05,Stay,6,0,1,0,1,0,1,0,0,0,1,0,0,0,1,1,0,0,0,1,0
340,341,5.03,27.08,Leave,6,1,0,0,1,0,0,1,0,0,1,0,0,0,1,1,0,0,0,1,0
341,342,4.1,29.09,Stay,6,0,1,1,0,0,0,1,0,0,1,0,0,0,1,1,0,0,0,1,0
342,343,2.07,27.03,Stay,6,0,1,1,0,0,0,1,0,1,0,0,0,0,1,1,0,0,1,0,0
343,344,4.08,26.05,Stay,3,1,1,0,1,0,0,1,0,1,0,0,0,0,1,1,0,0,1,0,0
344,345,1.03,23.04,Stay,7,0,1,0,1,0,0,1,0,1,0,0,0,0,1,1,0,0,0,1,0
345,346,6.08,32.1,Leave,3,1,0,0,0,1,1,0,0,0,1,0,0,0,1,1,0,0,0,1,0
346,347,3.02,27.11,Leave,5,1,0,0,1,0,0,1,0,1,0,0,0,0,1,1,0,0,1,0,0
347,348,5.03,27.07,Stay,7,1,0,0,1,0,0,1,0,1,0,0,0,0,1,1,0,0,1,0,0
348,349,12.1,40.02,Stay,4,0,1,0,1,0,0,1,0,0,1,0,0,0,1,1,0,0,1,0,0
349,350,3.11,29.0,Stay,7,0,1,0,1,0,0,1,0,1,0,0,0,0,1,1,0,0,0,1,0
350,351,2.06,23.08,Stay,5,0,1,0,1,0,0,1,0,1,0,0,0,0,1,1,0,0,1,0,0
351,352,3.1,26.03,Leave,4,1,0,0,1,0,0,1,0,1,0,0,0,0,1,1,0,0,0,1,0
352,353,15.05,37.03,Leave,6,0,0,1,0,0,1,0,0,0,0,1,0,0,1,0,0,1,1,0,0
353,354,16.04,42.05,Stay,7,0,1,0,1,0,1,0,0,0,0,0,1,0,1,0,0,1,0,1,0
354,355,4.04,26.09,Stay,5,0,1,0,1,0,0,1,0,1,0,0,0,0,1,1,0,0,1,0,0
355,356,7.03,30.04,Leave,5,0,1,1,0,0,0,1,0,0,1,0,0,0,1,1,0,0,0,1,0
356,357,5.1,26.1,Leave,5,1,0,1,0,0,1,0,0,1,0,0,0,0,1,1,0,0,1,0,0
357,358,8.04,29.06,Stay,5,1,1,0,1,0,0,1,0,0,1,0,0,0,1,1,0,0,0,1,0
358,359,8.04,32.05,Stay,7,1,0,0,1,0,1,0,0,0,1,0,0,0,1,1,0,0,0,1,0
359,360,5.08,28.03,Leave,6,1,0,0,1,0,0,1,0,1,0,0,0,0,1,1,0,0,1,0,0
360,361,8.01,32.07,Stay,6,1,1,0,1,0,1,0,0,0,1,0,0,0,1,1,0,0,0,1,0
361,362,2.04,24.08,Stay,1,0,1,0,1,0,0,1,0,1,0,0,0,0,1,1,0,0,1,0,0
362,363,4.07,27.02,Leave,6,1,0,0,1,0,0,1,0,1,0,0,0,0,1,1,0,0,0,1,0
363,364,4.06,29.09,Leave,0,1,0,0,1,0,0,1,0,1,0,0,0,0,1,1,0,0,1,0,0
364,365,15.04,37.02,Stay,5,1,0,0,1,0,1,0,0,0,0,1,0,0,1,1,0,0,0,1,0
365,366,6.04,31.03,Leave,3,1,0,0,1,0,1,0,0,1,0,0,0,0,1,1,0,0,0,1,0
366,367,2.0,23.02,Stay,7,0,1,0,1,0,0,1,0,1,0,0,0,0,1,1,0,0,1,0,0
367,368,6.0,30.04,Stay,6,1,1,0,1,0,1,0,0,1,0,0,0,0,1,0,0,1,0,1,0
368,369,2.06,26.1,Leave,5,1,0,0,1,0,1,0,0,1,0,0,0,0,1,1,0,0,1,0,0
369,370,3.1,26.09,Leave,4,1,0,0,1,0,0,1,0,1,0,0,0,0,1,1,0,0,0,1,0
370,371,2.05,23.07,Stay,4,1,1,0,0,1,0,1,0,1,0,0,0,0,1,1,0,0,0,1,0
371,372,4.0,26.1,Stay,7,0,1,0,1,0,0,1,0,1,0,0,0,0,1,1,0,0,0,1,0
372,373,4.0,26.05,Stay,0,0,1,0,1,0,0,1,0,1,0,0,0,0,1,1,0,0,0,1,0
373,374,8.0,35.07,Stay,7,1,1,1,0,0,1,0,0,0,1,0,0,0,1,1,0,0,0,1,0
374,375,4.06,24.09,Stay,6,1,0,1,0,0,0,1,0,0,1,0,0,0,1,1,0,0,0,1,0
375,376,5.0,27.06,Leave,6,1,0,0,1,0,0,1,0,0,1,0,0,0,1,1,0,0,1,0,0
376,377,5.04,31.1,Leave,7,1,0,0,1,0,1,0,0,0,1,0,0,0,1,1,0,0,0,1,0
377,378,10.07,37.06,Stay,5,1,0,0,1,0,1,0,0,0,1,0,0,0,1,1,0,0,1,0,0
378,379,6.0,28.11,Leave,5,1,0,0,1,0,0,1,0,1,0,0,0,0,1,1,0,0,0,1,0
379,380,4.05,27.08,Stay,6,1,0,0,1,0,0,1,0,1,0,0,0,0,1,1,0,0,1,0,0
380,381,5.05,28.02,Stay,7,1,0,0,1,0,1,0,0,1,0,0,0,0,1,1,0,0,0,1,0
381,382,4.11,27.03,Leave,6,1,0,0,1,0,0,1,0,1,0,0,0,0,1,1,0,0,0,1,0
382,383,9.04,31.01,Stay,7,0,1,0,1,0,1,0,0,0,1,0,0,0,1,1,0,0,1,0,0
383,384,4.09,26.08,Stay,7,1,0,0,1,0,1,0,0,0,1,0,0,0,1,1,0,0,1,0,0
384,385,5.07,27.07,Leave,2,1,0,0,1,0,1,0,0,1,0,0,0,0,1,1,0,0,0,1,0
385,386,3.06,26.1,Stay,5,1,1,0,1,0,0,1,0,1,0,0,0,0,1,1,0,0,0,1,0
386,387,5.1,28.02,Leave,4,0,1,0,1,0,1,0,0,1,0,0,0,0,1,1,0,0,0,1,0
387,388,5.1,29.04,Stay,6,1,1,0,0,1,1,0,0,0,1,0,0,0,1,1,0,0,1,0,0
388,389,7.05,30.02,Stay,6,0,1,0,1,0,0,1,0,0,1,0,0,0,1,1,0,0,0,1,0
389,390,8.07,37.04,Stay,6,1,0,0,1,0,1,0,0,0,0,1,0,0,1,0,0,1,0,1,0
390,391,6.07,28.09,Stay,6,0,1,0,1,0,0,1,0,1,0,0,0,0,1,1,0,0,1,0,0
391,392,2.04,24.05,Leave,6,1,0,0,1,0,0,1,0,1,0,0,0,0,1,1,0,0,1,0,0
392,393,3.11,25.09,Stay,7,0,1,0,1,0,0,1,0,1,0,0,0,0,1,1,0,0,1,0,0
393,394,6.02,29.07,Stay,5,1,0,0,1,0,1,0,0,0,1,0,0,0,1,1,0,0,1,0,0
394,395,2.01,25.11,Leave,5,1,0,0,1,0,0,1,0,1,0,0,0,0,1,1,0,0,0,1,0
395,396,6.03,31.07,Stay,5,1,0,0,1,0,1,0,0,0,1,0,0,0,1,1,0,0,0,1,0
396,397,8.11,31.04,Stay,4,1,0,0,1,0,1,0,0,0,1,0,0,0,1,1,0,0,0,1,0
397,398,18.05,47.09,Stay,7,1,0,0,1,0,1,0,0,0,0,0,1,0,1,1,0,0,0,1,0
398,399,4.1,29.02,Stay,6,0,1,0,1,0,0,1,0,1,0,0,0,0,1,1,0,0,0,1,0
399,400,2.0,24.05,Stay,6,0,1,0,1,0,0,1,0,1,0,0,0,0,1,0,0,1,1,0,0
400,401,6.04,29.09,Stay,3,1,1,0,1,0,0,1,0,1,0,0,0,0,1,1,0,0,0,1,0
401,402,4.08,27.08,Stay,4,0,1,0,1,0,0,1,0,1,0,0,0,0,1,1,0,0,0,1,0
402,403,5.0,29.02,Stay,3,0,1,0,1,0,1,0,0,1,0,0,0,0,1,1,0,0,0,1,0
403,404,1.05,24.02,Leave,2,1,0,0,1,0,0,1,0,1,0,0,0,0,1,1,0,0,1,0,0
404,405,9.06,32.07,Stay,5,0,1,0,1,0,1,0,0,0,1,0,0,0,1,1,0,0,0,1,0
405,406,4.01,28.05,Stay,5,1,1,0,1,0,0,1,0,0,1,0,0,0,1,1,0,0,0,1,0
406,407,3.0,25.09,Stay,4,0,1,0,1,0,0,1,0,1,0,0,0,0,1,1,0,0,0,1,0
407,408,5.01,26.08,Stay,7,0,1,0,0,1,0,1,0,1,0,0,0,0,1,1,0,0,1,0,0
408,409,4.03,24.09,Leave,7,1,0,0,1,0,0,1,0,1,0,0,0,0,1,0,0,1,0,1,0
409,410,13.05,37.08,Stay,6,0,1,0,0,1,1,0,0,0,0,1,0,0,1,1,0,0,0,1,0
410,411,21.06,45.05,Stay,6,1,1,0,1,0,1,0,0,0,0,0,1,0,1,0,0,1,0,1,0
411,412,5.1,28.06,Stay,6,0,1,0,1,0,0,1,0,1,0,0,0,0,1,1,0,0,0,1,0
412,413,5.02,31.03,Leave,7,1,0,0,1,0,1,0,0,1,0,0,0,0,1,0,0,1,0,1,0
413,414,4.09,28.05,Stay,6,0,1,0,1,0,0,1,0,1,0,0,0,0,1,1,0,0,1,0,0
414,415,3.08,30.1,Leave,6,1,0,0,1,0,0,1,0,1,0,0,0,0,1,1,0,0,1,0,0
415,416,6.05,27.03,Leave,5,0,0,0,1,0,0,1,0,0,1,0,0,0,1,1,0,0,1,0,0
416,417,2.04,24.02,Leave,6,1,0,0,1,0,0,1,0,1,0,0,0,0,1,1,0,0,0,1,0
417,418,3.11,26.11,Stay,4,0,1,0,1,0,0,1,0,1,0,0,0,0,1,1,0,0,0,1,0
418,419,6.05,29.01,Stay,6,0,1,1,0,0,0,1,0,0,1,0,0,0,1,1,0,0,0,1,0
419,420,9.02,30.07,Stay,1,1,0,0,1,0,1,0,0,0,1,0,0,0,1,1,0,0,0,1,0
420,421,13.08,37.09,Stay,3,1,0,0,1,0,1,0,0,0,0,0,1,0,1,1,0,0,0,1,0
421,422,5.11,28.04,Leave,5,1,0,0,1,0,0,1,0,1,0,0,0,0,1,1,0,0,0,1,0
422,423,6.05,30.04,Stay,6,1,1,0,1,0,0,1,0,0,1,0,0,0,1,1,0,0,1,0,0
423,424,4.04,26.03,Stay,6,1,0,0,1,0,0,1,0,1,0,0,0,0,1,0,0,1,1,0,0
424,425,5.07,28.0,Stay,7,1,1,0,1,0,0,1,0,1,0,0,0,0,1,1,0,0,0,1,0
425,426,1.05,23.12,Stay,6,0,1,0,1,0,0,1,0,1,0,0,0,0,1,1,0,0,0,1,0
426,427,13.1,37.11,Stay,7,1,0,0,1,0,1,0,0,0,0,1,0,0,1,1,0,0,0,1,0
427,428,6.11,28.05,Leave,7,0,0,0,1,0,0,1,0,0,1,0,0,0,1,1,0,0,0,1,0
428,429,5.02,27.04,Stay,3,1,0,1,0,0,0,1,0,1,0,0,0,0,1,1,0,0,0,1,0
429,430,5.01,26.07,Stay,4,1,0,0,1,0,1,0,0,1,0,0,0,0,1,1,0,0,1,0,0
430,431,4.06,31.06,Stay,7,1,0,0,1,0,1,0,0,1,0,0,0,0,1,1,0,0,0,1,0
431,432,4.06,26.01,Stay,7,1,1,0,1,0,0,1,0,1,0,0,0,0,1,1,0,0,0,1,0
432,433,4.06,27.06,Leave,3,0,0,0,1,0,0,1,0,1,0,0,0,0,1,1,0,0,0,1,0
433,434,5.1,27.1,Stay,5,0,1,0,1,0,0,1,0,0,1,0,0,0,1,1,0,0,1,0,0
434,435,5.02,27.07,Leave,6,1,0,0,1,0,0,1,0,0,1,0,0,0,1,1,0,0,0,1,0
435,436,3.0,25.02,Leave,6,1,0,0,1,0,0,1,0,1,0,0,0,0,1,1,0,0,1,0,0
436,437,2.11,25.07,Stay,5,0,1,0,1,0,1,0,0,1,0,0,0,0,1,1,0,0,1,0,0
437,438,4.08,26.08,Leave,5,1,0,0,1,0,0,1,0,1,0,0,0,0,1,1,0,0,0,1,0
438,439,7.09,33.08,Stay,2,1,1,0,1,0,1,0,0,0,1,0,0,0,1,1,0,0,0,1,0
439,440,7.08,28.02,Stay,5,1,0,0,1,0,0,1,0,1,0,0,0,0,1,1,0,0,0,1,0
440,441,3.07,28.01,Leave,7,1,0,0,1,0,0,1,0,0,1,0,0,0,1,0,1,0,1,0,0
441,442,4.1,28.07,Stay,7,0,1,0,1,0,0,1,0,1,0,0,0,0,1,1,0,0,0,1,0
442,443,1.07,25.11,Stay,6,0,1,0,1,0,0,1,0,0,1,0,0,0,1,1,0,0,0,1,0
443,444,7.06,34.06,Stay,5,0,1,1,0,0,1,0,0,0,1,0,0,0,1,1,0,0,0,1,0
444,445,3.08,26.08,Leave,1,1,0,0,1,0,0,1,0,1,0,0,0,0,1,1,0,0,0,1,0
445,446,2.08,25.04,Leave,0,0,0,0,1,0,0,1,0,1,0,0,0,0,1,1,0,0,1,0,0
446,447,11.06,32.0,Stay,6,1,1,0,0,1,1,0,0,0,0,0,1,0,1,0,1,0,0,1,0
447,448,8.06,31.05,Stay,6,0,1,0,1,0,1,0,0,0,0,1,0,0,1,1,0,0,0,1,0
448,449,3.02,28.01,Leave,7,1,0,0,1,0,0,1,0,1,0,0,0,0,1,1,0,0,0,1,0
449,450,5.0,28.11,Leave,7,1,1,0,1,0,0,1,0,1,0,0,0,0,1,1,0,0,1,0,0
450,451,5.1,28.03,Stay,5,1,1,0,1,0,1,0,0,0,1,0,0,0,1,1,0,0,0,1,0
451,452,4.06,28.05,Leave,5,1,0,0,1,0,0,1,0,0,1,0,0,0,1,1,0,0,0,1,0
452,453,8.07,30.11,Stay,5,1,0,0,1,0,1,0,0,0,1,0,0,0,1,1,0,0,0,1,0
453,454,4.03,29.05,Leave,3,1,0,0,1,0,0,1,0,1,0,0,0,0,1,1,0,0,1,0,0
454,455,3.11,28.03,Stay,7,1,1,0,0,1,1,0,0,0,1,0,0,0,1,1,0,0,0,1,0
455,456,11.07,38.06,Stay,6,0,1,0,1,0,1,0,0,0,0,1,0,0,1,1,0,0,0,1,0
456,457,1.08,28.05,Stay,7,1,1,0,1,0,1,0,0,1,0,0,0,0,1,1,0,0,1,0,0
457,458,6.07,27.06,Stay,6,1,1,0,1,0,0,1,0,0,1,0,0,0,1,1,0,0,0,1,0
458,459,2.07,25.12,Stay,5,0,1,0,1,0,0,1,0,1,0,0,0,0,1,1,0,0,0,1,0
459,460,4.06,26.11,Stay,5,1,1,0,0,1,0,1,0,1,0,0,0,0,1,1,0,0,0,1,0
460,461,9.01,32.06,Stay,6,0,1,0,1,0,1,0,0,0,1,0,0,0,1,1,0,0,0,1,0
461,462,4.01,28.08,Leave,0,0,0,0,1,0,0,1,0,1,0,0,0,0,1,1,0,0,0,1,0
462,463,6.03,28.03,Stay,6,0,0,0,1,0,0,1,0,0,1,0,0,0,1,1,0,0,0,1,0
463,464,6.02,28.09,Stay,2,0,0,0,1,0,1,0,0,1,0,0,0,0,1,1,0,0,0,1,0
464,465,1.07,27.04,Leave,6,1,0,0,1,0,0,1,0,0,0,0,1,0,1,0,0,1,0,1,0
465,466,5.07,27.04,Leave,7,1,0,0,1,0,0,1,0,1,0,0,0,0,1,1,0,0,0,1,0
466,467,11.02,33.08,Stay,5,1,0,0,1,0,1,0,0,0,1,0,0,0,1,1,0,0,1,0,0
467,468,6.02,41.04,Stay,7,1,1,0,1,0,1,0,0,0,1,0,0,0,1,1,0,0,0,1,0
468,469,5.03,28.07,Leave,7,1,0,0,1,0,0,1,0,1,0,0,0,0,1,1,0,0,0,1,0
469,470,7.09,32.04,Stay,7,1,0,0,1,0,1,0,0,0,1,0,0,0,1,1,0,0,0,1,0
470,471,1.07,29.03,Leave,2,1,0,0,1,0,0,1,0,1,0,0,0,0,1,1,0,0,0,1,0
471,472,5.0,26.07,Stay,7,1,0,0,1,0,1,0,0,1,0,0,0,0,1,1,0,0,1,0,0
472,473,1.07,25.03,Stay,7,0,1,0,1,0,1,0,0,1,0,0,0,0,1,1,0,0,1,0,0
473,474,7.08,31.09,Stay,3,1,1,0,1,0,1,0,0,0,1,0,0,0,1,1,0,0,0,1,0
474,475,3.08,26.11,Leave,7,1,0,0,1,0,0,1,0,1,0,0,0,0,1,1,0,0,0,1,0
475,476,7.1,35.06,Stay,7,1,0,0,1,0,1,0,0,0,1,0,0,0,1,1,0,0,0,1,0
476,477,1.08,23.1,Leave,5,1,0,0,1,0,0,1,0,1,0,0,0,0,1,1,0,0,1,0,0
477,478,6.09,35.11,Stay,4,1,0,0,1,0,1,0,0,1,0,0,0,0,1,1,0,0,0,1,0
478,479,2.11,26.12,Leave,6,1,0,0,1,0,1,0,0,1,0,0,0,0,1,0,0,1,1,0,0
479,480,4.08,30.05,Stay,2,1,1,0,1,0,0,1,0,1,0,0,0,0,1,1,0,0,0,1,0
480,481,7.11,29.06,Stay,2,1,1,0,1,0,0,1,0,0,1,0,0,0,1,1,0,0,0,1,0
481,482,6.11,27.08,Stay,2,1,1,0,1,0,0,1,0,1,0,0,0,0,1,1,0,0,0,1,0
482,483,7.03,30.11,Stay,6,1,0,0,1,0,1,0,0,0,1,0,0,0,1,1,0,0,0,1,0
483,484,1.08,24.01,Leave,6,1,0,0,1,0,1,0,0,0,0,0,1,0,1,0,0,1,1,0,0
484,485,6.08,28.03,Stay,1,1,0,0,1,0,0,1,0,1,0,0,0,0,1,0,0,1,0,1,0
485,486,5.04,35.08,Stay,5,1,0,1,0,0,1,0,0,0,1,0,0,0,1,1,0,0,0,1,0
486,487,11.08,38.07,Stay,4,1,1,0,0,1,1,0,0,0,0,1,0,0,1,1,0,0,0,1,0
487,488,5.01,29.05,Stay,6,1,1,0,1,0,1,0,0,1,0,0,0,0,1,0,0,1,0,1,0
488,489,2.08,25.11,Leave,3,1,0,0,1,0,0,1,0,1,0,0,0,0,1,1,0,0,1,0,0
489,490,3.08,26.1,Stay,6,0,1,0,1,0,0,1,0,1,0,0,0,0,1,1,0,0,0,1,0
490,491,2.1,25.09,Stay,5,1,1,0,1,0,0,1,0,1,0,0,0,0,1,1,0,0,1,0,0
491,492,3.1,27.07,Leave,4,1,0,0,1,0,0,1,0,1,0,0,0,0,1,1,0,0,0,1,0
492,493,1.09,24.05,Leave,6,1,0,0,1,0,0,1,0,1,0,0,0,0,1,1,0,0,1,0,0
493,494,4.09,25.1,Stay,5,1,1,0,1,0,0,1,0,1,0,0,0,0,1,1,0,0,0,1,0
494,495,5.03,27.05,Stay,7,0,1,0,1,0,0,1,0,1,0,0,0,0,1,1,0,0,1,0,0
495,496,6.11,27.05,Stay,5,0,0,0,0,1,1,0,0,1,0,0,0,0,1,1,0,0,1,0,0
496,497,2.1,25.02,Stay,5,0,1,0,1,0,0,1,0,1,0,0,0,0,1,1,0,0,1,0,0
497,498,6.04,30.03,Stay,7,0,1,0,1,0,0,1,0,1,0,0,0,0,1,1,0,0,0,1,0
498,499,8.02,33.08,Stay,6,1,1,0,1,0,1,0,0,0,1,0,0,0,1,1,0,0,0,1,0
499,500,6.02,29.11,Stay,5,1,0,0,1,0,0,1,0,0,1,0,0,0,1,1,0,0,1,0,0
500,501,5.09,28.03,Leave,5,1,0,1,0,0,1,0,0,1,0,0,0,0,1,1,0,0,0,1,0
501,502,3.04,27.06,Leave,7,1,0,0,1,0,0,1,0,1,0,0,0,0,1,0,0,1,0,1,0
502,503,5.11,29.08,Leave,7,1,0,0,1,0,0,1,0,1,0,0,0,0,1,1,0,0,0,1,0
503,504,4.05,33.07,Stay,3,1,1,0,1,0,1,0,0,1,0,0,0,0,1,1,0,0,0,1,0
504,505,7.0,30.11,Stay,7,1,1,0,1,0,0,1,0,1,0,0,0,0,1,1,0,0,0,1,0
505,506,7.11,35.04,Stay,6,1,1,0,1,0,1,0,0,1,0,0,0,0,1,1,0,0,0,1,0
506,507,11.09,36.07,Stay,5,0,1,1,0,0,1,0,0,0,1,0,0,0,1,1,0,0,0,1,0
507,508,3.08,26.06,Leave,7,1,0,0,1,0,0,1,0,1,0,0,0,0,1,1,0,0,0,1,0
508,509,11.1,43.1,Stay,5,1,0,1,0,0,1,0,0,0,0,1,0,0,1,1,0,0,0,1,0
509,510,1.1,23.06,Leave,7,1,0,0,1,0,0,1,0,1,0,0,0,0,1,1,0,0,1,0,0
510,511,3.02,28.02,Stay,6,1,1,0,1,0,0,1,0,1,0,0,0,0,1,1,0,0,0,1,0
511,512,1.1,23.08,Stay,5,0,1,0,1,0,0,1,0,1,0,0,0,0,1,1,0,0,0,1,0
512,513,3.03,26.07,Stay,7,0,1,0,1,0,0,1,0,0,1,0,0,0,1,1,0,0,0,1,0
513,514,3.0,24.12,Stay,6,0,1,0,1,0,0,1,0,1,0,0,0,0,1,1,0,0,0,1,0
514,515,5.09,27.07,Stay,6,0,1,0,1,0,0,1,0,0,1,0,0,0,1,1,0,0,0,1,0
515,516,5.01,27.07,Leave,7,1,1,0,1,0,0,1,0,1,0,0,0,0,1,1,0,0,0,1,0
516,517,5.06,29.03,Stay,4,1,1,0,1,0,1,0,0,1,0,0,0,0,1,1,0,0,0,1,0
517,518,21.05,46.05,Stay,3,1,1,0,1,0,1,0,0,0,0,0,1,0,1,1,0,0,0,1,0
518,519,5.02,26.08,Leave,5,1,0,0,1,0,0,1,0,1,0,0,0,0,1,1,0,0,0,1,0
519,520,5.1,27.12,Leave,6,1,0,0,1,0,0,1,0,1,0,0,0,0,1,1,0,0,0,1,0
520,521,6.0,26.06,Stay,5,1,0,0,1,0,0,1,0,0,1,0,0,0,1,1,0,0,0,1,0
521,522,2.0,29.02,Leave,5,1,0,0,1,0,1,0,0,1,0,0,0,0,1,1,0,0,1,0,0
522,523,4.0,36.09,Stay,5,1,1,0,1,0,1,0,0,1,0,0,0,0,1,1,0,0,1,0,0
523,524,4.11,28.03,Leave,7,1,0,0,1,0,1,0,0,0,1,0,0,0,1,1,0,0,1,0,0
524,525,9.1,32.07,Stay,7,1,1,0,1,0,0,1,0,0,0,1,0,0,1,1,0,0,0,1,0
525,526,4.02,26.08,Stay,5,1,0,0,0,1,1,0,0,1,0,0,0,0,1,1,0,0,1,0,0
526,527,7.03,31.0,Stay,0,1,0,0,1,0,1,0,0,0,1,0,0,0,1,1,0,0,1,0,0
527,528,11.03,44.04,Stay,1,0,1,0,1,0,1,0,0,0,1,0,0,0,1,1,0,0,0,1,0
528,529,2.0,24.04,Leave,5,1,0,0,1,0,0,1,0,1,0,0,0,0,1,1,0,0,0,1,0
529,530,2.0,26.03,Leave,4,1,0,0,1,0,0,1,0,1,0,0,0,0,1,1,0,0,0,1,0
530,531,2.0,30.06,Stay,5,1,0,0,1,0,0,1,0,1,0,0,0,0,1,1,0,0,1,0,0
531,532,9.08,31.05,Stay,4,0,1,1,0,0,1,0,0,0,1,0,0,0,1,1,0,0,1,0,0
532,533,5.07,29.1,Stay,7,1,1,0,1,0,0,1,0,1,0,0,0,0,1,1,0,0,0,1,0
533,534,4.02,28.03,Stay,4,0,1,0,1,0,0,1,0,1,0,0,0,0,1,1,0,0,0,1,0
534,535,5.06,27.07,Leave,7,1,0,0,1,0,0,1,0,1,0,0,0,0,1,1,0,0,0,1,0
535,536,9.04,31.03,Stay,6,0,1,0,1,0,1,0,0,0,0,0,1,0,1,1,0,0,1,0,0
536,537,8.03,31.05,Stay,6,1,1,0,0,1,1,0,0,0,1,0,0,0,1,1,0,0,0,1,0
537,538,9.0,30.11,Stay,5,1,1,1,0,0,1,0,0,0,1,0,0,0,1,1,0,0,0,1,0
538,539,5.02,26.06,Leave,5,1,0,0,1,0,0,1,0,1,0,0,0,0,1,1,0,0,0,1,0
539,540,3.07,30.06,Leave,3,1,0,0,1,0,0,1,0,1,0,0,0,0,1,1,0,0,0,1,0
540,541,2.0,27.03,Stay,6,1,1,0,1,0,0,1,0,1,0,0,0,0,1,1,0,0,1,0,0
541,542,2.0,24.05,Stay,7,1,1,0,1,0,1,0,0,1,0,0,0,0,1,1,0,0,1,0,0
542,543,2.01,24.09,Stay,5,1,1,0,1,0,0,1,0,1,0,0,0,0,1,1,0,0,0,1,0
543,544,1.11,25.11,Stay,6,0,1,0,1,0,0,1,0,1,0,0,0,0,1,1,0,0,0,1,0
544,545,4.02,28.06,Leave,3,0,0,0,0,1,0,1,0,1,0,0,0,0,1,1,0,0,0,1,0
545,546,5.08,28.02,Leave,7,1,0,0,1,0,0,1,0,1,0,0,0,0,1,1,0,0,0,1,0
546,547,3.05,25.05,Stay,3,0,1,0,0,1,0,1,0,1,0,0,0,0,1,1,0,0,0,1,0
547,548,12.02,36.1,Stay,4,0,1,0,1,0,1,0,0,0,1,0,0,0,1,1,0,0,0,1,0
548,549,3.04,27.02,Stay,6,1,1,0,1,0,0,1,0,1,0,0,0,0,1,1,0,0,1,0,0
549,550,8.0,30.1,Stay,5,0,1,0,1,0,0,1,0,0,1,0,0,0,1,1,0,0,0,1,0
550,551,2.0,25.1,Leave,6,1,0,0,1,0,0,1,0,1,0,0,0,0,1,1,0,0,0,1,0
551,552,2.01,28.01,Stay,6,0,1,0,1,0,0,1,0,1,0,0,0,0,1,1,0,0,0,1,0
552,553,2.02,24.11,Stay,5,0,1,0,1,0,0,1,0,1,0,0,0,0,1,1,0,0,0,1,0
553,554,2.02,24.07,Leave,4,1,0,0,1,0,0,1,0,1,0,0,0,0,1,1,0,0,0,1,0
554,555,2.01,25.07,Stay,4,0,1,0,1,0,0,1,0,1,0,0,0,0,1,1,0,0,0,1,0
555,556,6.08,31.0,Stay,6,1,0,0,1,0,1,0,0,1,0,0,0,0,1,1,0,0,0,1,0
556,557,8.03,32.11,Stay,6,0,1,0,1,0,1,0,0,0,1,0,0,0,1,1,0,0,0,1,0
557,558,9.0,30.06,Stay,5,1,0,0,1,0,0,1,0,0,1,0,0,0,1,1,0,0,0,1,0
558,559,2.02,25.03,Stay,5,0,1,0,1,0,0,1,0,1,0,0,0,0,1,1,0,0,0,1,0
559,560,2.02,28.07,Stay,6,1,0,0,1,0,1,0,0,1,0,0,0,0,1,1,0,0,0,1,0
560,561,2.01,26.02,Leave,7,0,0,0,1,0,0,1,0,1,0,0,0,0,1,1,0,0,0,1,0
561,562,2.02,26.06,Stay,7,1,0,0,1,0,1,0,0,1,0,0,0,0,1,1,0,0,1,0,0
562,563,2.02,27.09,Stay,7,0,1,0,1,0,0,1,0,1,0,0,0,0,1,1,0,0,0,1,0
563,564,9.05,35.02,Stay,7,0,0,0,0,1,0,1,0,0,1,0,0,0,1,1,0,0,1,0,0
564,565,3.04,25.11,Leave,7,1,0,0,1,0,0,1,0,1,0,0,0,0,1,1,0,0,0,1,0
565,566,2.0,27.05,Stay,7,1,1,0,1,0,0,1,0,1,0,0,0,0,1,1,0,0,0,1,0
566,567,2.0,23.07,Stay,7,1,1,0,1,0,0,1,0,1,0,0,0,0,1,1,0,0,0,1,0
567,568,7.0,32.1,Stay,7,1,1,0,1,0,1,0,0,0,0,1,0,0,1,1,0,0,0,1,0
568,569,5.02,26.07,Leave,2,1,0,0,1,0,0,1,0,1,0,0,0,0,1,1,0,0,0,1,0
569,570,10.0,31.12,Stay,2,1,1,0,1,0,1,0,0,0,1,0,0,0,1,1,0,0,0,1,0
570,571,6.0,29.05,Stay,5,0,1,0,1,0,0,1,0,1,0,0,0,0,1,1,0,0,0,1,0
571,572,6.01,29.1,Stay,6,1,1,0,0,1,0,1,0,0,1,0,0,0,1,1,0,0,1,0,0
572,573,3.0,28.06,Stay,6,0,1,0,1,0,0,1,0,1,0,0,0,0,1,1,0,0,0,1,0
573,574,7.03,31.07,Stay,5,1,1,1,0,0,0,1,0,0,1,0,0,0,1,1,0,0,0,1,0
574,575,2.08,25.07,Leave,5,1,0,0,1,0,0,1,0,1,0,0,0,0,1,1,0,0,0,1,0
575,576,4.07,29.1,Leave,4,1,0,0,1,0,0,1,0,0,1,0,0,0,1,0,0,1,0,1,0
576,577,9.09,32.1,Stay,3,1,0,0,1,0,0,1,0,0,1,0,0,0,1,1,0,0,0,1,0
577,578,24.01,52.06,Stay,5,0,1,0,1,0,1,0,0,0,1,0,0,0,1,1,0,0,0,1,0
578,579,7.01,37.05,Stay,7,0,1,0,1,0,1,0,0,1,0,0,0,0,1,1,0,0,1,0,0
579,580,6.01,28.07,Stay,6,1,0,0,1,0,1,0,0,0,1,0,0,0,1,0,1,0,1,0,0
580,581,9.07,32.07,Stay,7,1,0,0,1,0,0,1,0,0,1,0,0,0,1,1,0,0,0,1,0
581,582,2.04,27.06,Stay,5,0,1,0,1,0,0,1,0,1,0,0,0,0,1,1,0,0,0,1,0
582,583,2.02,24.09,Stay,7,1,1,0,1,0,0,1,0,1,0,0,0,0,1,1,0,0,1,0,0
583,584,2.02,24.06,Stay,4,1,1,0,1,0,0,1,0,1,0,0,0,0,1,1,0,0,0,1,0
584,585,2.04,25.09,Stay,3,1,1,0,1,0,0,1,0,1,0,0,0,0,1,1,0,0,0,1,0
585,586,2.03,25.02,Stay,6,1,1,0,1,0,1,0,0,1,0,0,0,0,1,1,0,0,0,1,0
586,587,2.02,26.04,Stay,6,0,1,0,1,0,0,1,0,1,0,0,0,0,1,1,0,0,1,0,0
587,588,2.04,27.02,Stay,3,0,1,0,1,0,0,1,0,1,0,0,0,0,1,1,0,0,0,1,0
588,589,3.05,26.1,Leave,6,0,0,1,0,0,0,1,0,1,0,0,0,0,1,1,0,0,1,0,0
589,590,8.1,39.04,Stay,1,1,1,0,1,0,1,0,0,0,1,0,0,0,1,1,0,0,0,1,0
590,591,2.02,24.12,Stay,6,0,1,0,1,0,0,1,0,1,0,0,0,0,1,1,0,0,0,1,0
591,592,10.01,33.08,Stay,7,1,1,0,1,0,1,0,0,0,0,1,0,0,1,1,0,0,0,1,0
592,593,2.08,24.05,Stay,7,0,1,0,1,0,0,1,0,1,0,0,0,0,1,1,0,0,0,1,0
593,594,6.03,28.01,Stay,1,1,1,0,0,1,0,1,0,1,0,0,0,0,1,1,0,0,0,1,0
594,595,2.01,27.05,Leave,5,1,0,0,1,0,0,1,0,1,0,0,0,0,1,1,0,0,0,1,0
595,596,2.02,25.04,Stay,6,1,0,0,1,0,0,1,0,1,0,0,0,0,1,1,0,0,1,0,0
596,597,6.07,30.11,Stay,7,1,0,0,1,0,0,1,0,1,0,0,0,0,1,1,0,0,0,1,0
597,598,5.01,29.09,Stay,5,1,1,0,1,0,0,1,0,1,0,0,0,0,1,1,0,0,0,1,0
598,599,2.02,27.01,Stay,7,1,1,0,1,0,0,1,0,1,0,0,0,0,1,1,0,0,0,1,0
599,600,2.02,26.11,Stay,6,1,1,0,1,0,1,0,0,1,0,0,0,0,1,1,0,0,1,0,0
600,601,2.03,29.07,Stay,7,1,1,0,1,0,1,0,0,1,0,0,0,0,1,1,0,0,0,1,0
601,602,2.02,26.04,Leave,7,1,0,0,1,0,0,1,0,1,0,0,0,0,1,1,0,0,1,0,0
602,603,10.01,34.05,Stay,5,1,0,0,1,0,1,0,0,0,1,0,0,0,1,1,0,0,1,0,0
603,604,9.01,37.02,Stay,6,1,1,0,0,1,1,0,0,0,1,0,0,0,1,1,0,0,0,1,0
604,605,5.1,31.02,Leave,7,1,0,0,0,1,0,1,0,1,0,0,0,0,1,1,0,0,0,1,0
605,606,2.02,27.0,Stay,6,1,0,0,1,0,0,1,0,0,1,0,0,0,1,0,0,1,1,0,0
606,607,8.01,28.06,Stay,6,0,1,0,0,1,1,0,0,0,1,0,0,0,1,1,0,0,0,1,0
607,608,2.03,24.06,Leave,7,1,0,0,1,0,0,1,0,1,0,0,0,0,1,1,0,0,0,1,0
608,609,2.03,26.03,Leave,7,0,0,0,1,0,1,0,0,1,0,0,0,0,1,1,0,0,0,1,0
609,610,2.03,24.04,Stay,7,1,1,0,1,0,0,1,0,1,0,0,0,0,1,1,0,0,0,1,0
610,611,2.03,24.12,Stay,7,1,1,0,1,0,0,1,0,1,0,0,0,0,1,1,0,0,0,1,0
611,612,2.03,25.03,Leave,5,1,0,0,1,0,0,1,0,1,0,0,0,0,1,1,0,0,1,0,0
612,613,2.03,29.09,Stay,5,0,1,0,1,0,1,0,0,1,0,0,0,0,1,1,0,0,0,1,0
613,614,2.02,23.11,Stay,3,1,1,0,1,0,0,1,0,1,0,0,0,0,1,1,0,0,1,0,0
614,615,7.04,30.01,Stay,7,1,0,0,0,1,0,1,0,0,1,0,0,0,1,1,0,0,0,1,0
615,616,6.07,30.12,Stay,7,0,1,0,0,1,1,0,0,1,0,0,0,0,1,1,0,0,0,1,0
616,617,2.02,27.1,Leave,6,1,0,0,1,0,0,1,0,1,0,0,0,0,1,1,0,0,0,1,0
617,618,2.02,25.1,Leave,6,1,0,0,1,0,1,0,0,0,0,0,1,0,1,1,0,0,1,0,0
618,619,2.02,24.01,Stay,7,0,1,0,1,0,0,1,0,1,0,0,0,0,1,1,0,0,1,0,0
619,620,2.02,27.09,Stay,7,0,1,0,1,0,1,0,0,0,0,0,1,0,1,1,0,0,1,0,0
620,621,4.1,27.07,Leave,7,1,0,0,1,0,1,0,0,1,0,0,0,0,1,1,0,0,0,1,0
621,622,12.02,36.0,Stay,6,1,0,0,1,0,1,0,0,0,1,0,0,0,1,0,0,1,0,1,0
622,623,4.11,28.09,Leave,3,1,0,0,1,0,0,1,0,1,0,0,0,0,1,1,0,0,0,1,0
623,624,4.03,26.07,Stay,6,0,1,0,0,1,1,0,0,1,0,0,0,0,1,1,0,0,0,1,0
624,625,4.09,27.06,Stay,7,1,1,0,1,0,0,1,0,1,0,0,0,0,1,1,0,0,1,0,0
625,626,3.06,25.02,Leave,6,0,0,0,1,0,0,1,0,1,0,0,0,0,1,1,0,0,0,1,0
626,627,8.02,37.05,Stay,5,0,1,0,1,0,1,0,0,0,0,1,0,0,1,1,0,0,0,1,0
627,628,2.03,25.1,Stay,7,0,1,0,1,0,0,1,0,1,0,0,0,0,1,1,0,0,0,1,0
628,629,2.04,26.04,Leave,5,0,0,0,1,0,0,1,0,1,0,0,0,0,1,1,0,0,0,1,0
629,630,2.04,27.1,Leave,4,0,0,0,1,0,0,1,0,1,0,0,0,0,1,1,0,0,0,1,0
630,631,2.04,27.01,Leave,6,1,0,0,1,0,1,0,0,1,0,0,0,0,1,1,0,0,1,0,0
631,632,2.05,28.01,Stay,6,0,1,0,1,0,0,1,0,1,0,0,0,0,1,1,0,0,0,1,0
632,633,2.03,24.09,Leave,7,1,0,0,1,0,0,1,0,1,0,0,0,0,1,1,0,0,0,1,0
633,634,2.03,26.0,Stay,7,1,1,0,1,0,0,1,0,1,0,0,0,0,1,1,0,0,0,1,0
634,635,11.02,40.08,Stay,3,0,1,0,1,0,1,0,0,0,0,1,0,0,1,1,0,0,0,1,0
635,636,6.05,30.03,Stay,6,0,1,0,1,0,1,0,0,1,0,0,0,0,1,0,0,1,0,1,0
636,637,6.05,30.03,Leave,6,0,0,0,1,0,1,0,0,1,0,0,0,0,1,1,0,0,1,0,0
637,638,6.11,29.06,Stay,1,0,1,0,0,1,1,0,0,0,1,0,0,0,1,1,0,0,0,1,0
638,639,4.02,25.06,Stay,5,0,1,0,1,0,0,1,0,1,0,0,0,0,1,1,0,0,1,0,0
639,640,6.04,29.04,Leave,7,0,0,0,1,0,1,0,0,0,1,0,0,0,1,1,0,0,0,1,0
640,641,11.03,39.01,Stay,6,0,1,0,0,1,0,0,1,0,0,1,0,0,1,1,0,0,0,1,0
641,642,5.1,34.07,Leave,6,0,1,0,1,0,0,1,0,0,1,0,0,0,1,1,0,0,0,1,0
642,643,6.05,27.06,Stay,7,0,0,0,1,0,1,0,0,1,0,0,0,0,1,1,0,0,0,1,0
643,644,5.09,30.09,Stay,7,1,1,0,1,0,1,0,0,1,0,0,0,0,1,1,0,0,0,1,0
644,645,7.03,29.07,Stay,7,0,1,0,1,0,1,0,0,0,1,0,0,0,1,1,0,0,1,0,0
645,646,4.07,27.04,Stay,7,0,1,0,1,0,0,1,0,1,0,0,0,0,1,1,0,0,1,0,0
646,647,2.03,24.07,Leave,7,0,0,0,1,0,0,1,0,1,0,0,0,0,1,1,0,0,0,1,0
647,648,5.03,28.1,Leave,5,1,0,0,0,1,0,1,0,1,0,0,0,0,1,1,0,0,0,1,0
648,649,7.05,31.03,Stay,7,1,1,0,1,0,1,0,0,0,1,0,0,0,1,1,0,0,0,1,0
649,650,5.1,29.07,Stay,5,0,1,0,0,1,1,0,0,1,0,0,0,0,1,1,0,0,1,0,0
650,651,8.0,31.1,Stay,5,1,1,0,1,0,0,1,0,0,1,0,0,0,1,1,0,0,0,1,0
651,652,3.11,28.1,Stay,2,0,1,0,1,0,0,1,0,1,0,0,0,0,1,1,0,0,1,0,0
652,653,9.0,35.02,Stay,4,0,1,0,1,0,1,0,0,0,1,0,0,0,1,1,0,0,1,0,0
653,654,2.04,24.1,Stay,7,0,1,0,1,0,0,1,0,1,0,0,0,0,1,1,0,0,0,1,0
654,655,2.04,24.06,Stay,7,0,1,0,1,0,0,1,0,1,0,0,0,0,1,1,0,0,1,0,0
655,656,2.06,27.06,Stay,4,1,1,0,1,0,0,1,0,1,0,0,0,0,1,1,0,0,0,1,0
656,657,2.05,24.03,Leave,7,0,0,0,1,0,0,1,0,1,0,0,0,0,1,1,0,0,0,1,0
657,658,2.06,25.08,Stay,7,1,1,0,1,0,0,1,0,1,0,0,0,0,1,1,0,0,0,1,0
658,659,2.05,25.05,Stay,7,1,1,0,1,0,0,1,0,1,0,0,0,0,1,1,0,0,0,1,0
659,660,11.03,31.07,Leave,7,0,0,0,1,0,0,1,0,0,0,1,0,0,1,1,0,0,0,1,0
660,661,5.08,29.1,Leave,2,1,0,0,1,0,0,1,0,1,0,0,0,0,1,1,0,0,0,1,0
661,662,6.11,31.02,Stay,0,0,1,0,0,1,1,0,0,1,0,0,0,0,1,1,0,0,0,1,0
662,663,4.05,25.08,Leave,7,0,0,0,1,0,0,1,0,1,0,0,0,0,1,1,0,0,1,0,0
663,664,4.09,28.04,Stay,0,0,1,0,1,0,0,1,0,1,0,0,0,0,1,1,0,0,0,1,0
664,665,6.04,31.08,Stay,7,0,1,0,1,0,0,1,0,1,0,0,0,0,1,1,0,0,0,1,0
665,666,8.04,34.11,Stay,7,0,1,0,1,0,1,0,0,0,1,0,0,0,1,1,0,0,1,0,0
666,667,2.11,26.08,Leave,6,0,0,0,1,0,0,1,0,1,0,0,0,0,1,1,0,0,0,1,0
667,668,8.11,30.07,Stay,4,1,0,0,1,0,1,0,0,0,1,0,0,0,1,1,0,0,0,1,0
668,669,5.06,25.05,Stay,3,0,1,0,0,1,0,1,0,1,0,0,0,0,1,1,0,0,0,1,0
669,670,2.04,27.01,Stay,6,0,1,0,1,0,0,1,0,0,1,0,0,0,1,0,0,1,0,1,0
670,671,4.05,26.07,Leave,6,1,0,0,1,0,0,1,0,0,1,0,0,0,1,1,0,0,0,1,0
671,672,7.05,33.03,Stay,7,1,1,0,1,0,1,0,0,0,1,0,0,0,1,1,0,0,1,0,0
672,673,2.04,24.01,Stay,6,1,1,0,1,0,0,1,0,1,0,0,0,0,1,1,0,0,1,0,0
673,674,2.04,24.02,Stay,7,1,1,0,1,0,0,1,0,1,0,0,0,0,1,1,0,0,1,0,0
674,675,2.04,24.02,Leave,7,1,0,0,1,0,0,1,0,1,0,0,0,0,1,1,0,0,1,0,0
675,676,2.05,26.06,Leave,6,1,0,0,1,0,0,1,0,1,0,0,0,0,1,1,0,0,0,1,0
676,677,4.1,29.07,Leave,5,1,0,0,1,0,0,1,0,1,0,0,0,0,1,1,0,0,0,1,0
677,678,8.08,34.06,Stay,5,1,0,0,1,0,1,0,0,0,1,0,0,0,1,1,0,0,0,1,0
678,679,2.07,27.07,Stay,6,0,1,0,1,0,0,1,0,1,0,0,0,0,1,1,0,0,0,1,0
679,680,2.07,24.06,Leave,7,1,0,0,1,0,0,1,0,1,0,0,0,0,1,1,0,0,0,1,0
680,681,2.06,25.03,Stay,6,0,1,0,1,0,0,1,0,1,0,0,0,0,1,1,0,0,0,1,0
681,682,2.06,25.06,Stay,6,0,1,0,1,0,0,1,0,1,0,0,0,0,1,1,0,0,0,1,0
682,683,6.07,29.06,Stay,7,0,1,0,1,0,1,0,0,1,0,0,0,0,1,1,0,0,0,1,0
683,684,2.04,24.01,Stay,6,1,1,0,1,0,0,1,0,1,0,0,0,0,1,1,0,0,1,0,0
684,685,8.08,37.06,Stay,5,0,1,0,0,1,1,0,0,0,0,1,0,0,1,1,0,0,0,1,0
685,686,7.1,29.1,Leave,6,0,0,1,0,0,1,0,0,0,1,0,0,0,1,1,0,0,0,1,0
686,687,5.05,32.1,Stay,5,1,0,1,0,0,0,1,0,0,1,0,0,0,1,1,0,0,0,1,0
687,688,2.05,25.1,Stay,5,0,1,0,1,0,0,1,0,1,0,0,0,0,1,1,0,0,0,1,0
688,689,4.09,26.06,Leave,5,0,0,0,1,0,0,1,0,1,0,0,0,0,1,1,0,0,1,0,0
689,690,2.05,25.01,Leave,6,0,0,0,1,0,0,1,0,1,0,0,0,0,1,1,0,0,1,0,0
690,691,9.05,31.07,Stay,2,0,1,0,1,0,1,0,0,0,1,0,0,0,1,1,0,0,0,1,0
691,692,4.1,30.06,Stay,6,0,1,0,1,0,1,0,0,0,1,0,0,0,1,1,0,0,1,0,0
692,693,6.01,29.02,Stay,2,0,1,0,1,0,0,1,0,1,0,0,0,0,1,1,0,0,0,1,0
693,694,6.05,29.09,Leave,7,0,0,0,0,1,0,1,0,1,0,0,0,0,1,1,0,0,0,1,0
694,695,5.06,29.0,Leave,7,0,1,0,1,0,0,1,0,1,0,0,0,0,1,1,0,0,0,1,0
695,696,5.06,32.04,Leave,7,0,0,0,0,1,1,0,0,0,1,0,0,0,1,1,0,0,0,1,0
696,697,2.05,30.06,Stay,5,0,1,0,1,0,1,0,0,1,0,0,0,0,1,1,0,0,0,1,0
697,698,2.07,25.03,Stay,7,0,1,0,1,0,0,1,0,1,0,0,0,0,1,1,0,0,0,1,0
698,699,2.07,26.03,Stay,7,0,1,0,1,0,0,1,0,1,0,0,0,0,1,1,0,0,0,1,0
699,700,2.07,25.1,Stay,6,0,1,0,1,0,0,1,0,1,0,0,0,0,1,1,0,0,0,1,0
700,701,2.07,25.1,Stay,6,1,1,0,1,0,0,1,0,1,0,0,0,0,1,1,0,0,0,1,0
701,702,2.08,25.01,Leave,6,1,0,0,1,0,0,1,0,1,0,0,0,0,1,1,0,0,0,1,0
702,703,2.07,25.02,Leave,7,1,0,0,1,0,0,1,0,1,0,0,0,0,1,1,0,0,0,1,0
703,704,2.09,24.09,Stay,7,1,1,0,1,0,0,1,0,1,0,0,0,0,1,1,0,0,0,1,0
704,705,2.07,24.08,Leave,7,0,0,0,1,0,0,1,0,1,0,0,0,0,1,1,0,0,0,1,0
705,706,3.0,27.06,Stay,7,0,1,0,1,0,0,1,0,1,0,0,0,0,1,1,0,0,0,1,0
706,707,2.06,25.03,Stay,6,0,1,0,1,0,0,1,0,1,0,0,0,0,1,1,0,0,0,1,0
707,708,9.05,36.11,Stay,6,0,1,0,1,0,1,0,0,0,1,0,0,0,1,1,0,0,0,1,0
708,709,4.1,26.08,Stay,7,0,1,1,0,0,0,1,0,1,0,0,0,0,1,1,0,0,0,1,0
709,710,23.06,47.0,Stay,6,1,1,0,1,0,1,0,0,0,0,0,1,0,1,0,1,0,0,1,0
710,711,12.02,33.11,Leave,5,0,1,0,1,0,1,0,0,0,0,1,0,0,1,1,0,0,0,1,0
711,712,2.06,26.04,Leave,7,0,0,0,1,0,0,1,0,1,0,0,0,0,1,1,0,0,0,1,0
712,713,4.06,32.0,Leave,6,0,0,0,1,0,0,1,0,0,0,1,0,0,1,0,1,0,0,1,0
713,714,3.02,27.09,Leave,7,0,0,0,1,0,0,1,0,1,0,0,0,0,1,1,0,0,0,1,0
714,715,7.01,31.04,Stay,7,0,1,0,1,0,1,0,0,0,1,0,0,0,1,1,0,0,0,1,0
715,716,6.05,32.08,Stay,5,0,1,0,1,0,1,0,0,0,1,0,0,0,1,1,0,0,1,0,0
716,717,8.11,31.07,Leave,7,0,0,1,0,0,1,0,0,0,1,0,0,0,1,1,0,0,0,1,0
717,718,4.02,25.1,Stay,7,0,1,0,1,0,0,1,0,1,0,0,0,0,1,1,0,0,0,1,0
718,719,4.1,26.07,Leave,5,0,0,0,1,0,0,1,0,1,0,0,0,0,1,1,0,0,0,1,0
719,720,12.06,33.05,Stay,6,0,1,0,0,1,0,1,0,0,0,1,0,0,1,1,0,0,0,1,0
720,721,7.0,35.08,Stay,1,0,1,0,1,0,0,1,0,0,1,0,0,0,1,1,0,0,0,1,0
721,722,7.11,29.03,Stay,6,1,1,0,0,1,1,0,0,1,0,0,0,0,1,1,0,0,0,1,0
722,723,6.08,27.07,Stay,7,1,0,0,1,0,1,0,0,1,0,0,0,0,1,0,0,1,1,0,0
723,724,2.08,26.04,Leave,5,1,0,0,1,0,0,1,0,1,0,0,0,0,1,1,0,0,1,0,0
724,725,2.07,26.08,Leave,6,1,0,0,1,0,0,1,0,1,0,0,0,0,1,1,0,0,0,1,0
725,726,2.07,27.03,Leave,6,1,0,0,1,0,0,1,0,1,0,0,0,0,1,1,0,0,0,1,0
726,727,2.09,26.1,Leave,5,1,0,0,1,0,0,1,0,1,0,0,0,0,1,1,0,0,0,1,0
727,728,2.07,25.09,Stay,5,1,1,0,1,0,0,1,0,1,0,0,0,0,1,1,0,0,0,1,0
728,729,9.01,33.04,Stay,5,1,0,1,0,0,1,0,0,0,1,0,0,0,1,1,0,0,0,1,0
729,730,2.09,26.09,Leave,7,1,0,0,1,0,1,0,0,1,0,0,0,0,1,1,0,0,0,1,0
730,731,2.08,24.1,Stay,5,1,1,0,1,0,0,1,0,1,0,0,0,0,1,1,0,0,0,1,0
731,732,2.08,30.08,Stay,7,1,1,0,1,0,1,0,0,1,0,0,0,0,1,1,0,0,0,1,0
732,733,3.02,25.05,Leave,5,1,0,0,1,0,0,1,0,1,0,0,0,0,1,1,0,0,1,0,0
733,734,11.07,39.07,Stay,4,0,1,0,0,1,1,0,0,0,1,0,0,0,1,1,0,0,0,1,0
734,735,8.08,31.07,Leave,5,0,0,1,0,0,1,0,0,0,1,0,0,0,1,1,0,0,0,1,0
735,736,3.06,27.01,Leave,5,1,0,0,1,0,0,1,0,0,1,0,0,0,1,1,0,0,1,0,0
736,737,7.06,34.12,Stay,2,0,1,0,1,0,1,0,0,0,1,0,0,0,1,1,0,0,0,1,0
737,738,8.08,33.09,Leave,7,1,0,0,1,0,1,0,0,0,1,0,0,0,1,1,0,0,0,1,0
738,739,11.07,35.04,Leave,3,1,0,1,0,0,1,0,0,0,1,0,0,0,1,1,0,0,0,1,0
739,740,5.09,28.03,Stay,6,1,1,0,1,0,0,1,0,1,0,0,0,0,1,0,0,1,1,0,0
740,741,9.07,35.06,Stay,6,1,1,0,1,0,1,0,0,0,1,0,0,0,1,0,1,0,0,1,0
741,742,2.07,28.06,Stay,2,1,1,0,1,0,1,0,0,1,0,0,0,0,1,1,0,0,1,0,0
742,743,5.09,29.06,Stay,7,1,1,0,1,0,0,1,0,1,0,0,0,0,1,1,0,0,0,1,0
743,744,5.04,30.06,Stay,7,1,1,1,0,0,0,1,0,1,0,0,0,0,1,1,0,0,0,1,0
744,745,13.11,38.12,Stay,5,1,1,0,0,1,1,0,0,0,1,0,0,0,1,1,0,0,0,1,0
745,746,8.08,32.02,Stay,5,1,0,0,0,1,0,1,0,1,0,0,0,0,1,1,0,0,0,1,0
746,747,6.11,29.07,Stay,5,0,1,0,1,0,1,0,0,0,1,0,0,0,1,1,0,0,0,1,0
747,748,11.01,36.07,Leave,5,0,0,0,1,0,1,0,0,0,1,0,0,0,1,1,0,0,0,1,0
748,749,6.1,30.05,Leave,7,1,0,0,1,0,0,1,0,1,0,0,0,0,1,1,0,0,1,0,0
749,750,12.08,35.0,Leave,7,1,0,0,0,1,1,0,0,0,1,0,0,0,1,1,0,0,1,0,0
750,751,7.11,31.07,Leave,7,1,0,1,0,0,1,0,0,1,0,0,0,0,1,1,0,0,0,1,0
751,752,2.08,25.11,Stay,6,0,1,0,1,0,0,1,0,1,0,0,0,0,1,1,0,0,1,0,0
752,753,2.08,26.06,Stay,5,1,1,0,1,0,0,1,0,1,0,0,0,0,1,1,0,0,0,1,0
753,754,2.08,24.1,Stay,7,0,1,0,1,0,0,1,0,1,0,0,0,0,1,1,0,0,0,1,0
754,755,2.09,26.07,Stay,7,0,1,0,1,0,0,1,0,1,0,0,0,0,1,1,0,0,0,1,0
755,756,2.09,24.09,Stay,7,0,1,0,1,0,0,1,0,1,0,0,0,0,1,1,0,0,0,1,0
756,757,2.08,25.07,Stay,6,0,1,0,1,0,0,1,0,1,0,0,0,0,1,1,0,0,0,1,0
757,758,2.11,26.1,Stay,6,0,1,0,1,0,0,1,0,1,0,0,0,0,1,1,0,0,0,1,0
758,759,2.08,28.09,Leave,6,0,0,0,1,0,0,1,0,1,0,0,0,0,1,1,0,0,0,1,0
759,760,5.1,28.04,Leave,6,0,0,0,0,1,0,1,0,0,1,0,0,0,1,0,1,0,1,0,0
760,761,8.02,35.04,Stay,7,0,1,0,1,0,1,0,0,1,0,0,0,0,1,1,0,0,0,1,0
761,762,6.04,29.05,Stay,6,0,1,0,1,0,0,1,0,1,0,0,0,0,1,1,0,0,0,1,0
762,763,5.03,28.07,Leave,7,0,1,1,0,0,0,1,0,1,0,0,0,0,1,1,0,0,0,1,0
763,764,4.1,27.09,Stay,6,0,1,0,0,1,0,1,0,1,0,0,0,0,1,0,0,1,0,1,0
764,765,2.08,27.07,Stay,6,0,1,0,1,0,0,1,0,1,0,0,0,0,1,0,0,1,0,1,0
765,766,4.04,31.07,Leave,5,0,0,0,1,0,1,0,0,1,0,0,0,0,1,1,0,0,0,1,0
766,767,8.0,31.09,Stay,5,0,1,1,0,0,1,0,0,0,1,0,0,0,1,1,0,0,0,1,0
767,768,6.09,28.1,Stay,7,0,1,0,1,0,1,0,0,1,0,0,0,0,1,1,0,0,0,1,0
768,769,4.08,31.01,Stay,5,0,1,0,0,1,0,1,0,0,1,0,0,0,1,1,0,0,0,1,0
769,770,5.09,28.1,Leave,3,0,0,0,1,0,0,1,0,1,0,0,0,0,1,1,0,0,0,1,0
770,771,2.08,27.09,Leave,5,0,0,0,1,0,1,0,0,1,0,0,0,0,1,1,0,0,1,0,0
771,772,6.08,30.06,Stay,6,1,0,1,0,0,1,0,0,1,0,0,0,0,1,1,0,0,0,1,0
772,773,2.1,24.08,Leave,7,0,0,0,1,0,0,1,0,1,0,0,0,0,1,1,0,0,1,0,0
773,774,2.11,24.06,Stay,7,0,1,0,1,0,0,1,0,1,0,0,0,0,1,1,0,0,0,1,0
774,775,2.1,24.11,Leave,5,0,0,0,1,0,1,0,0,1,0,0,0,0,1,1,0,0,0,1,0
775,776,2.09,25.1,Stay,7,0,1,0,1,0,0,1,0,1,0,0,0,0,1,1,0,0,0,1,0
776,777,2.09,25.07,Leave,6,1,0,0,1,0,0,1,0,1,0,0,0,0,1,1,0,0,0,1,0
777,778,12.09,34.05,Stay,6,0,1,1,0,0,1,0,0,0,0,1,0,0,1,1,0,0,0,1,0
778,779,11.03,36.01,Stay,6,1,1,0,1,0,1,0,0,0,1,0,0,0,1,1,0,0,0,1,0
779,780,6.03,28.04,Stay,6,0,1,0,1,0,0,1,0,1,0,0,0,0,1,1,0,0,0,1,0
780,781,10.08,38.08,Leave,6,0,1,0,1,0,1,0,0,0,0,1,0,0,1,1,0,0,0,1,0
781,782,3.0,25.05,Stay,5,0,1,0,1,0,0,1,0,1,0,0,0,0,1,1,0,0,0,1,0
782,783,8.09,33.07,Leave,5,0,0,0,1,0,1,0,0,0,1,0,0,0,1,1,0,0,0,1,0
783,784,3.11,26.06,Leave,6,1,0,0,0,1,0,1,0,1,0,0,0,0,1,1,0,0,0,1,0
784,785,7.0,33.08,Leave,7,0,0,1,0,0,1,0,0,1,0,0,0,0,1,1,0,0,0,1,0
785,786,3.01,26.02,Stay,6,1,1,0,1,0,0,1,0,1,0,0,0,0,1,1,0,0,1,0,0
786,787,5.0,27.1,Leave,1,1,0,0,1,0,0,1,0,1,0,0,0,0,1,0,0,1,0,1,0
787,788,5.09,29.02,Stay,3,0,1,0,1,0,1,0,0,1,0,0,0,0,1,1,0,0,1,0,0
788,789,4.01,30.06,Stay,7,1,1,0,0,1,1,0,0,0,1,0,0,0,1,1,0,0,1,0,0
789,790,3.05,27.07,Stay,7,0,1,0,1,0,0,1,0,1,0,0,0,0,1,1,0,0,0,1,0
790,791,12.1,40.07,Leave,7,0,0,0,1,0,1,0,0,0,0,1,0,0,1,1,0,0,0,1,0
791,792,6.02,31.06,Stay,7,0,1,1,0,0,1,0,0,0,1,0,0,0,1,1,0,0,0,1,0
792,793,5.09,31.1,Stay,5,0,1,0,0,1,1,0,0,1,0,0,0,0,1,1,0,0,0,1,0
793,794,2.1,24.1,Stay,1,0,1,0,1,0,0,1,0,0,0,0,1,0,1,0,0,1,1,0,0
794,795,4.09,31.0,Stay,6,0,1,0,0,1,0,1,0,0,1,0,0,0,1,1,0,0,0,1,0
795,796,10.02,36.01,Stay,6,1,0,0,1,0,0,1,0,0,1,0,0,0,1,1,0,0,0,1,0
796,797,3.01,29.06,Stay,6,1,0,0,0,1,0,1,0,1,0,0,0,0,1,0,0,1,0,1,0
797,798,8.09,34.03,Stay,6,0,1,0,1,0,0,1,0,0,0,1,0,0,1,1,0,0,0,1,0
798,799,3.0,27.05,Leave,7,1,0,0,1,0,0,1,0,1,0,0,0,0,1,1,0,0,0,1,0
799,800,3.05,31.07,Leave,7,1,0,0,1,0,0,1,0,1,0,0,0,0,1,1,0,0,0,1,0
800,801,3.1,26.03,Stay,3,1,1,0,1,0,0,1,0,1,0,0,0,0,1,1,0,0,0,1,0
801,802,3.0,24.11,Stay,7,1,1,0,1,0,0,1,0,1,0,0,0,0,1,1,0,0,0,1,0
802,803,2.11,28.11,Stay,7,1,1,0,1,0,1,0,0,1,0,0,0,0,1,1,0,0,0,1,0
803,804,3.0,26.09,Stay,5,1,1,0,1,0,0,1,0,1,0,0,0,0,1,1,0,0,0,1,0
804,805,3.04,28.04,Leave,4,1,0,0,1,0,1,0,0,1,0,0,0,0,1,1,0,0,0,1,0
805,806,7.1,30.07,Stay,4,1,0,0,1,0,0,1,0,0,1,0,0,0,1,1,0,0,0,1,0
806,807,7.1,29.1,Stay,5,0,1,0,1,0,0,1,0,0,1,0,0,0,1,1,0,0,0,1,0
807,808,2.09,24.08,Leave,7,1,0,0,1,0,1,0,0,1,0,0,0,0,1,1,0,0,1,0,0
808,809,8.02,31.03,Leave,1,0,0,0,1,0,1,0,0,0,1,0,0,0,1,0,0,1,1,0,0
809,810,13.09,37.08,Stay,6,0,1,0,0,1,1,0,0,0,0,1,0,0,1,0,0,1,0,1,0
810,811,3.09,27.05,Stay,7,0,1,0,1,0,1,0,0,0,1,0,0,0,1,1,0,0,1,0,0
811,812,4.0,25.11,Stay,7,1,1,1,0,0,0,1,0,1,0,0,0,0,1,0,0,1,0,1,0
812,813,2.1,29.11,Stay,1,0,1,0,1,0,1,0,0,1,0,0,0,0,1,1,0,0,1,0,0
813,814,9.1,32.1,Stay,7,0,1,0,1,0,1,0,0,0,1,0,0,0,1,1,0,0,1,0,0
814,815,8.1,32.06,Stay,7,1,1,0,1,0,1,0,0,0,1,0,0,0,1,1,0,0,0,1,0
815,816,5.11,28.07,Leave,5,1,0,0,1,0,0,1,0,1,0,0,0,0,1,1,0,0,0,1,0
816,817,2.1,25.09,Stay,2,0,1,0,1,0,0,1,0,1,0,0,0,0,1,1,0,0,0,1,0
817,818,4.02,24.08,Stay,7,0,1,1,0,0,1,0,0,1,0,0,0,0,1,1,0,0,1,0,0
818,819,8.09,36.06,Leave,6,0,0,0,0,1,0,1,0,0,1,0,0,0,1,1,0,0,0,1,0
819,820,4.1,26.06,Leave,7,0,0,1,0,0,0,1,0,1,0,0,0,0,1,1,0,0,1,0,0
820,821,6.01,29.08,Leave,6,0,1,0,1,0,1,0,0,0,1,0,0,0,1,1,0,0,0,1,0
821,822,9.04,36.08,Leave,5,0,0,1,0,0,1,0,0,0,0,1,0,0,1,1,0,0,0,1,0
822,823,8.02,33.11,Stay,5,0,1,1,0,0,1,0,0,0,1,0,0,0,1,1,0,0,0,1,0
823,824,8.0,30.09,Stay,4,0,1,0,0,1,1,0,0,0,1,0,0,0,1,1,0,0,1,0,0
824,825,9.1,33.02,Leave,6,0,0,1,0,0,0,1,0,0,0,1,0,0,1,1,0,0,0,1,0
825,826,2.1,24.1,Stay,5,0,1,0,1,0,0,1,0,1,0,0,0,0,1,1,0,0,0,1,0
826,827,2.1,25.07,Stay,7,0,1,0,1,0,0,1,0,1,0,0,0,0,1,1,0,0,0,1,0
827,828,6.02,27.07,Stay,7,0,1,1,0,0,0,1,0,1,0,0,0,0,1,1,0,0,0,1,0
828,829,10.06,38.09,Stay,3,1,0,1,0,0,1,0,0,0,1,0,0,0,1,1,0,0,0,1,0
829,830,10.07,35.07,Stay,7,1,0,1,0,0,1,0,0,0,0,1,0,0,1,1,0,0,0,1,0
830,831,7.05,39.01,Stay,5,1,1,1,0,0,1,0,0,0,1,0,0,0,1,1,0,0,0,1,0
831,832,2.1,25.05,Stay,7,1,1,0,1,0,0,1,0,1,0,0,0,0,1,1,0,0,1,0,0
832,833,4.1,28.05,Leave,5,1,0,0,1,0,0,1,0,1,0,0,0,0,1,1,0,0,0,1,0
833,834,2.11,26.1,Stay,7,0,1,0,1,0,0,1,0,1,0,0,0,0,1,1,0,0,0,1,0
834,835,2.11,27.08,Leave,7,0,0,0,1,0,0,1,0,1,0,0,0,0,1,1,0,0,0,1,0
835,836,2.11,26.07,Leave,6,0,0,0,1,0,0,1,0,1,0,0,0,0,1,1,0,0,0,1,0
836,837,3.0,26.01,Stay,6,0,1,0,1,0,0,1,0,1,0,0,0,0,1,1,0,0,1,0,0
837,838,3.0,28.08,Stay,5,1,1,0,1,0,0,1,0,1,0,0,0,0,1,1,0,0,0,1,0
838,839,2.11,25.05,Stay,7,0,1,0,1,0,0,1,0,1,0,0,0,0,1,1,0,0,1,0,0
839,840,2.11,26.04,Stay,6,0,1,0,1,0,0,1,0,1,0,0,0,0,1,1,0,0,1,0,0
840,841,2.1,28.09,Stay,4,0,1,0,1,0,0,1,0,1,0,0,0,0,1,1,0,0,0,1,0
841,842,8.11,35.06,Stay,6,0,1,0,1,0,1,0,0,0,1,0,0,0,1,1,0,0,0,1,0
842,843,8.02,30.02,Stay,6,0,1,0,0,1,1,0,0,0,1,0,0,0,1,1,0,0,0,1,0
843,844,2.11,26.09,Leave,2,0,0,0,1,0,0,1,0,1,0,0,0,0,1,1,0,0,0,1,0
844,845,8.11,31.04,Stay,7,0,1,0,0,1,1,0,0,0,1,0,0,0,1,1,0,0,0,1,0
845,846,3.04,25.01,Leave,5,0,0,0,1,0,1,0,0,1,0,0,0,0,1,1,0,0,1,0,0
846,847,7.04,30.05,Stay,6,0,1,0,1,0,1,0,0,1,0,0,0,0,1,1,0,0,0,1,0
847,848,2.1,25.02,Stay,5,0,1,0,1,0,0,1,0,1,0,0,0,0,1,1,0,0,0,1,0
848,849,3.07,31.07,Stay,4,0,1,0,1,0,0,1,0,1,0,0,0,0,1,1,0,0,0,1,0
849,850,9.0,35.05,Stay,7,1,1,0,1,0,1,0,0,1,0,0,0,0,1,1,0,0,0,1,0
850,851,5.11,28.07,Leave,7,1,0,1,0,0,0,1,0,1,0,0,0,0,1,1,0,0,0,1,0
851,852,6.03,31.0,Stay,6,0,1,0,1,0,1,0,0,0,1,0,0,0,1,1,0,0,0,1,0
852,853,5.11,29.01,Stay,7,0,1,0,1,0,0,1,0,1,0,0,0,0,1,1,0,0,0,1,0
853,854,8.0,28.09,Stay,7,0,1,1,0,0,0,1,0,0,1,0,0,0,1,1,0,0,0,1,0
854,855,2.11,25.02,Leave,5,0,0,0,1,0,0,1,0,1,0,0,0,0,1,1,0,0,0,1,0
855,856,5.07,28.07,Leave,7,1,0,0,1,0,0,1,0,1,0,0,0,0,1,1,0,0,0,1,0
856,857,6.05,30.03,Leave,5,1,0,0,1,0,0,1,0,1,0,0,0,0,1,1,0,0,0,1,0
857,858,11.03,35.11,Stay,6,1,0,0,1,0,1,0,0,0,1,0,0,0,1,1,0,0,0,1,0
858,859,6.02,27.06,Stay,7,1,1,0,0,1,0,1,0,1,0,0,0,0,1,1,0,0,0,1,0
859,860,12.01,30.07,Stay,7,1,1,0,0,1,0,1,0,0,1,0,0,0,1,1,0,0,0,1,0
860,861,5.04,27.03,Stay,7,1,1,0,1,0,0,1,0,1,0,0,0,0,1,1,0,0,1,0,0
861,862,8.0,32.03,Stay,7,1,0,1,0,0,1,0,0,0,1,0,0,0,1,1,0,0,0,1,0
862,863,7.0,32.05,Stay,4,1,0,1,0,0,1,0,0,1,0,0,0,0,1,1,0,0,0,1,0
863,864,5.08,30.0,Leave,6,0,0,0,1,0,0,1,0,0,1,0,0,0,1,1,0,0,0,1,0
864,865,8.0,29.06,Stay,2,1,1,0,1,0,0,1,0,0,1,0,0,0,1,1,0,0,0,1,0
865,866,8.07,34.07,Stay,6,0,1,1,0,0,1,0,0,0,1,0,0,0,1,1,0,0,0,1,0
866,867,7.07,29.1,Leave,5,0,0,1,0,0,1,0,0,0,1,0,0,0,1,1,0,0,1,0,0
867,868,7.0,32.09,Leave,5,0,0,1,0,0,1,0,0,1,0,0,0,0,1,1,0,0,0,1,0
868,869,3.0,25.06,Stay,5,1,1,0,1,0,0,1,0,1,0,0,0,0,1,1,0,0,0,1,0
869,870,6.0,27.11,Stay,7,1,1,0,1,0,0,1,0,1,0,0,0,0,1,1,0,0,0,1,0
870,871,7.06,29.06,Stay,7,1,1,0,1,0,1,0,0,1,0,0,0,0,1,1,0,0,1,0,0
871,872,7.02,28.06,Stay,6,1,0,0,1,0,1,0,0,1,0,0,0,0,1,1,0,0,0,1,0
872,873,7.0,28.06,Stay,5,1,0,0,1,0,1,0,0,1,0,0,0,0,1,1,0,0,1,0,0
873,874,4.05,26.08,Leave,5,1,0,0,1,0,1,0,0,1,0,0,0,0,1,1,0,0,0,1,0
874,875,5.02,29.06,Stay,3,1,0,1,0,0,1,0,0,1,0,0,0,0,1,1,0,0,0,1,0
875,876,6.04,29.05,Stay,6,1,0,1,0,0,1,0,0,0,1,0,0,0,1,1,0,0,1,0,0
876,877,7.0,31.11,Stay,6,1,1,1,0,0,0,1,0,0,1,0,0,0,1,1,0,0,0,1,0
877,878,5.0,26.07,Stay,5,1,1,0,1,0,0,1,0,1,0,0,0,0,1,1,0,0,0,1,0
878,879,4.02,27.04,Stay,6,1,1,0,1,0,0,1,0,1,0,0,0,0,1,1,0,0,0,1,0
879,880,3.07,27.08,Leave,7,0,0,0,1,0,0,1,0,1,0,0,0,1,0,1,0,0,0,1,0
880,881,3.03,28.03,Leave,5,1,0,1,0,0,0,1,0,1,0,0,0,1,0,1,0,0,0,1,0
881,882,2.04,23.01,Leave,5,1,0,0,1,0,0,1,0,1,0,0,0,1,0,1,0,0,1,0,0
882,883,3.07,27.02,Stay,7,1,0,1,0,0,1,0,0,1,0,0,0,1,0,1,0,0,1,0,0
883,884,5.06,29.03,Stay,6,0,1,0,0,1,1,0,0,0,1,0,0,1,0,0,0,1,1,0,0
884,885,1.07,22.07,Leave,7,1,0,0,1,0,0,1,0,1,0,0,0,1,0,1,0,0,0,1,0
885,886,5.04,28.11,Leave,5,1,0,1,0,0,1,0,0,1,0,0,0,1,0,1,0,0,0,1,0
886,887,4.0,22.08,Stay,5,1,1,0,1,0,0,1,0,1,0,0,0,1,0,1,0,0,1,0,0
887,888,6.0,29.01,Stay,6,1,1,0,1,0,1,0,0,0,0,0,1,0,1,1,0,0,1,0,0
888,889,4.09,27.11,Leave,7,1,0,0,1,0,0,1,0,1,0,0,0,0,1,0,0,1,0,1,0
889,890,4.02,27.01,Leave,6,1,0,0,1,0,0,1,0,1,0,0,0,0,1,1,0,0,0,1,0
890,891,2.0,24.07,Leave,7,1,0,0,1,0,0,0,1,1,0,0,0,0,1,1,0,0,1,0,0
891,892,3.08,27.07,Stay,2,1,1,0,1,0,0,1,0,1,0,0,0,1,0,1,0,0,0,1,0
892,893,3.06,25.02,Leave,0,1,0,0,1,0,1,0,0,1,0,0,0,1,0,1,0,0,1,0,0
894,895,0.03,22.05,Leave,0,0,0,0,1,0,0,1,0,1,0,0,0,1,0,1,0,0,0,1,0
896,897,0.03,24.06,Stay,0,0,1,0,1,0,0,1,0,1,0,0,0,1,0,1,0,0,0,1,0
897,898,0.03,21.09,Stay,0,0,1,0,1,0,0,1,0,1,0,0,0,1,0,1,0,0,1,0,0
898,899,0.03,22.02,Leave,0,0,1,0,1,0,0,1,0,1,0,0,0,1,0,1,0,0,1,0,0
900,901,0.03,22.02,Stay,0,0,1,0,1,0,0,1,0,1,0,0,0,1,0,1,0,0,1,0,0
901,902,10.02,32.08,Stay,2,0,0,0,1,0,1,0,0,0,1,0,0,1,0,1,0,0,0,1,0
